-- phpMyAdmin SQL Dump
-- version 5.2.1
-- https://www.phpmyadmin.net/
--
-- Máy chủ: 127.0.0.1
-- Thời gian đã tạo: Th12 26, 2023 lúc 04:11 PM
-- Phiên bản máy phục vụ: 10.4.32-MariaDB
-- Phiên bản PHP: 8.0.30

SET SQL_MODE = "NO_AUTO_VALUE_ON_ZERO";
START TRANSACTION;
SET time_zone = "+00:00";


/*!40101 SET @OLD_CHARACTER_SET_CLIENT=@@CHARACTER_SET_CLIENT */;
/*!40101 SET @OLD_CHARACTER_SET_RESULTS=@@CHARACTER_SET_RESULTS */;
/*!40101 SET @OLD_COLLATION_CONNECTION=@@COLLATION_CONNECTION */;
/*!40101 SET NAMES utf8mb4 */;

--
-- Cơ sở dữ liệu: `db_cnow1`
--

-- --------------------------------------------------------

--
-- Cấu trúc bảng cho bảng `cinemas`
--

CREATE TABLE `cinemas` (
  `cinema_id` int(11) NOT NULL,
  `cinema_name` varchar(100) NOT NULL,
  `location` varchar(100) DEFAULT NULL,
  `link` varchar(999) NOT NULL
) ENGINE=InnoDB DEFAULT CHARSET=utf8mb4 COLLATE=utf8mb4_unicode_ci;

--
-- Đang đổ dữ liệu cho bảng `cinemas`
--

INSERT INTO `cinemas` (`cinema_id`, `cinema_name`, `location`, `link`) VALUES
(1, 'Rạp chiếu Nguyễn Đăng', NULL, 'https://i.imgur.com/5PB4Ca9.jpg'),
(2, 'Rạp chiếu Trung tâm', NULL, 'https://i.imgur.com/j57je8I.jpg'),
(3, 'Rạp chiếu B', NULL, 'https://i.imgur.com/Y7uBMjk.jpg');

-- --------------------------------------------------------

--
-- Cấu trúc bảng cho bảng `csdlghengoi`
--

CREATE TABLE `csdlghengoi` (
  `id` int(11) NOT NULL,
  `row` int(11) NOT NULL,
  `col` int(11) NOT NULL,
  `status` tinyint(1) NOT NULL
) ENGINE=InnoDB DEFAULT CHARSET=utf8mb4 COLLATE=utf8mb4_unicode_ci;

--
-- Đang đổ dữ liệu cho bảng `csdlghengoi`
--

INSERT INTO `csdlghengoi` (`id`, `row`, `col`, `status`) VALUES
(1, 1, 1, 0),
(2, 1, 2, 0),
(3, 1, 3, 0),
(4, 1, 4, 0),
(5, 1, 5, 0),
(6, 1, 6, 0),
(7, 1, 7, 0),
(8, 1, 8, 0),
(9, 1, 9, 0),
(10, 1, 10, 0),
(11, 2, 1, 0),
(12, 2, 2, 0),
(13, 2, 3, 0),
(14, 2, 4, 0),
(15, 2, 5, 0),
(16, 2, 6, 0),
(17, 2, 7, 0),
(18, 2, 8, 0),
(19, 2, 9, 0),
(20, 2, 10, 0),
(21, 3, 1, 0),
(22, 3, 2, 1),
(23, 3, 3, 1),
(24, 3, 4, 0),
(25, 3, 5, 0),
(26, 3, 6, 0),
(27, 3, 7, 0),
(28, 3, 8, 0),
(29, 3, 9, 0),
(30, 3, 10, 0);

-- --------------------------------------------------------

--
-- Cấu trúc bảng cho bảng `movie`
--

CREATE TABLE `movie` (
  `id` int(11) NOT NULL,
  `movie_name` varchar(99) NOT NULL,
  `banner` varchar(255) NOT NULL,
  `phan_loai` text NOT NULL,
  `trailer` varchar(255) NOT NULL,
  `timen` int(3) NOT NULL,
  `director` varchar(99) NOT NULL,
  `type` varchar(99) NOT NULL,
  `Ngon_ngu` varchar(255) NOT NULL
) ENGINE=InnoDB DEFAULT CHARSET=utf8mb4 COLLATE=utf8mb4_unicode_ci;

--
-- Đang đổ dữ liệu cho bảng `movie`
--

INSERT INTO `movie` (`id`, `movie_name`, `banner`, `phan_loai`, `trailer`, `timen`, `director`, `type`, `Ngon_ngu`) VALUES
(2, 'Wolfoo và hòn đảo kỳ bí', 'https://vnmedia.vn/file/8a10a0d36ccebc89016ce0c6fa3e1b83/102023/1080x1350_wolfoo_20231014144212.jpg', 'P', 'https://youtu.be/JBh7SlUwPUg?si=RJlLRuliisu2L7KD', 100, 'Phan Thị Thơ', 'Hoạt hình', 'Tiếng Việt, Tiếng Anh VIE-SUB '),
(3, 'Biệt đội Marvels', 'https://www.cgv.vn/media/catalog/product/cache/1/image/c5f0a1eff4c394a251036189ccddaacd/r/s/rsz_56245l07_goat_vietnam_apac_poster_1sht.jpg', 'T13', 'https://youtu.be/rX1znA4na5I?si=SYwXj0fP_KEsiK_6', 104, 'Nia DaCosta', 'Hành động, siêu anh hùng', 'Tiếng Anh VIE-SUB'),
(4, 'Vầng trăng máu', 'https://www.cgv.vn/media/catalog/product/cache/1/image/c5f0a1eff4c394a251036189ccddaacd/7/0/700x1000-vtm_1_.jpg', 'T18', 'https://youtu.be/c_iA5FnHzJc', 206, 'Martin Scorsese', 'Tội phạm, hành động', 'Tiếng Anh VIE-SUB'),
(5, 'Quỷ lùn tinh nghịch - Đồng tâm hiệp nhạc', 'https://media.lottecinemavn.com/Media/MovieFile/MovieImg/202311/11130_103_100002.jpg', 'P', 'https://youtu.be/izi44lM_HSo?si=YygtlNgUwX05JpPD', 92, 'Walt Dohrn', 'Hoạt hình', 'Tiếng Anh VIE-SUB, Tiếng Việt'),
(6, 'Yêu lại vợ ngầu', 'https://media.lottecinemavn.com/Media/MovieFile/MovieImg/202311/11291_103_100004.jpg', 'T16', 'https://youtu.be/081I7DXNknc?si=-gA_NQr0aNQLAMsf', 119, 'Nam Dae-jung', 'Hài, tình cảm', 'Tiếng Hàn VIE-SUB'),
(8, 'Taylor Swift - The Eras Tour', 'https://media.lottecinemavn.com/Media/MovieFile/MovieImg/202310/11288_103_100001.jpg', 'T13', 'https://youtu.be/KudedLV0tP0?si=ot3CQVCcEIMraqdA', 168, 'Sam Wrench', 'Âm nhạc, concert', 'Tiếng Anh VIE-SUB'),
(9, 'Người vợ cuối cùng', 'https://www.elle.vn/wp-content/uploads/2023/10/18/552737/poster-nguoi-vo-cuoi-cung-scaled.jpg', 'T18', 'https://youtu.be/ygvNCEbMusE?si=-1ion_mleM0XaYLb', 132, 'Victor Vũ', 'Tâm lý, tình cảm', 'Tiếng Việt ENG-SUB'),
(10, 'Âm hồn đô thị', 'https://www.cgv.vn/media/catalog/product/cache/1/image/c5f0a1eff4c394a251036189ccddaacd/t/o/toh_now-showing_size-poster_1_.jpg', 'T18', 'https://youtu.be/sdraZTx32ko?si=NPXblr7pJlcX5_lw', 90, 'Sang-hoon Ahn, Eun-kyung Yoon, Yong-gyun Kim, Im Da-woong và Chae Yeo-jun', 'Kinh dị', 'Tiếng Hàn VIE-SUB'),
(11, 'Quỷ môn quan', 'https://www.cgv.vn/media/catalog/product/cache/1/image/c5f0a1eff4c394a251036189ccddaacd/7/0/700x1000_21_.jpg', 'T18', 'https://youtu.be/6C08_pEtFXI?si=L3Ra3jhQZdWej8ru', 93, 'Nate Ki', 'Kinh dị', 'Tiếng Quảng Đông VIE-SUB'),
(12, 'Năm đêm kinh hoàng', 'https://www.cgv.vn/media/catalog/product/cache/1/image/c5f0a1eff4c394a251036189ccddaacd/7/0/700x1000-5demkinhhoang.jpg', 'T13', 'https://youtu.be/yGeoPHN0Pss?si=6URf2aerh6D6UKyU', 110, 'Emma Tammi', 'Kinh dị, chuyển thể', 'Tiếng Anh VIE-SUB'),
(21, 'Cô giáo em là số 1', 'http://booking.bhdstar.vn/CDN/media/entity/get/FilmPosterGraphic/HO00002818?referenceScheme=HeadOffice&allowPlaceHolder=true&height=500', 'T16', 'https://youtu.be/27B0t2TIc_Q?si=tCX0NVX9eUh8EQ3R', 112, 'Park Jin Pyo', 'Hài, tình cảm', ''),
(28, 'Chiếm đoạt', 'http://booking.bhdstar.vn/CDN/media/entity/get/FilmPosterGraphic/HO00002733?referenceScheme=HeadOffice&allowPlaceHolder=true&height=500', 'T18', 'https://youtu.be/1eRPYgnCUe8?si=HY6B3xAL-9QwuWa-', 114, 'Thắng Vũ', 'Drama', 'Tiếng Việt, , ENGSUB'),
(29, 'Kẻ ăn hồn', 'https://www.cgv.vn/media/catalog/product/cache/1/image/c5f0a1eff4c394a251036189ccddaacd/k/_/k_n_h_n_-_teaser_potser_-_kh_i_chi_u_08122023.jpg', 'T16', 'https://youtu.be/Ac5PuRpFeRU?si=rLVXD5t72uX6m30R', 120, 'Trần Hữu Tấn', 'T16', 'Tiếng Việt, , ENGSUB'),
(30, 'Wish', 'https://www.cgv.vn/media/catalog/product/cache/1/image/c5f0a1eff4c394a251036189ccddaacd/p/a/payoff_poster-wish.jpg', 'P', 'https://youtu.be/uDtF6D5BePs?si=xpKh7-i5oAGOEOSN', 94, 'Chris Buck (Frozen & Frozen 2), Fawn Veerasunthorn', 'P', 'Tiếng Anh, VIE-DUB, '),
(31, 'Quỷ cẩu', 'https://www.cgv.vn/media/catalog/product/cache/1/image/c5f0a1eff4c394a251036189ccddaacd/1/0/1080x1350-quy-cau.jpg', 'T18', 'https://youtu.be/9Lb77QRywbM?si=AWTkxDjrWEi3lR0_', 99, 'Lưu Thành Luân', 'Kinh dị', 'Tiếng Việt, , ENGSUB'),
(32, 'Aquaman và vương quốc thất lạc', 'https://www.cgv.vn/media/catalog/product/cache/1/image/c5f0a1eff4c394a251036189ccddaacd/p/o/poster_payoff_aquaman_6_1_.jpg', 'K', 'https://youtu.be/OmUKJ2izSg8?si=FTI9QZnnvutua5w0', 124, 'James Wan', 'Hành động, siêu anh hùng', 'Tiếng Anh, , VIESUB');

-- --------------------------------------------------------

--
-- Cấu trúc bảng cho bảng `screening`
--

CREATE TABLE `screening` (
  `id` int(11) NOT NULL,
  `movie_id` int(11) DEFAULT NULL,
  `cinema_id` int(11) DEFAULT NULL,
  `start_time` datetime DEFAULT NULL,
  `date` date DEFAULT NULL,
  `duration` int(5) NOT NULL
) ENGINE=InnoDB DEFAULT CHARSET=utf8mb4 COLLATE=utf8mb4_unicode_ci;

--
-- Đang đổ dữ liệu cho bảng `screening`
--

INSERT INTO `screening` (`id`, `movie_id`, `cinema_id`, `start_time`, `date`, `duration`) VALUES
(102437615, 2, 1, '2023-12-25 09:45:00', '2023-12-25', 100),
(102841742, 2, 1, '2023-12-27 11:10:00', '2023-12-27', 100),
(103506373, 3, 1, '2023-12-28 09:30:00', '2023-12-28', 104),
(104482756, 4, 1, '2023-12-27 01:00:00', '2023-12-27', 206),
(105137381, 5, 1, '2023-12-28 16:00:00', '2023-12-28', 92),
(106263298, 6, 1, '2023-12-27 09:00:00', '2023-12-27', 119),
(106316193, 6, 1, '2023-12-25 15:40:00', '2023-12-25', 119),
(106875491, 6, 1, '2023-12-28 13:40:00', '2023-12-28', 119),
(108267122, 8, 1, '2023-12-26 17:14:00', '2023-12-26', 168),
(108566257, 8, 1, '2023-12-25 17:55:00', '2023-12-25', 168),
(108845684, 8, 1, '2023-12-28 19:30:00', '2023-12-28', 168),
(109321875, 9, 1, '2023-12-24 19:00:00', '2023-12-24', 132),
(109576998, 9, 1, '2023-12-26 10:00:00', '2023-12-26', 132),
(110692752, 10, 1, '2023-12-25 21:00:00', '2023-12-25', 90),
(111922318, 11, 1, '2023-12-28 17:45:00', '2023-12-28', 93),
(121740597, 21, 1, '2023-12-27 17:10:00', '2023-12-27', 112),
(121746614, 21, 1, '2023-12-26 20:30:00', '2023-12-26', 112),
(128741632, 28, 1, '2023-12-26 14:55:00', '2023-12-26', 114),
(128839311, 28, 1, '2023-12-27 19:15:00', '2023-12-27', 114),
(128845994, 28, 1, '2023-12-25 11:40:00', '2023-12-25', 114),
(129630398, 29, 1, '2023-12-28 11:30:00', '2023-12-28', 120),
(130419471, 30, 1, '2023-12-27 13:05:00', '2023-12-27', 94),
(130613980, 30, 1, '2023-12-25 13:45:00', '2023-12-25', 94),
(131336523, 31, 1, '2023-12-27 21:30:00', '2023-12-27', 99),
(132291105, 32, 1, '2023-12-27 14:55:00', '2023-12-27', 124),
(132382766, 32, 1, '2023-12-26 12:30:00', '2023-12-26', 124),
(202906508, 2, 2, '2023-12-25 11:35:00', '2023-12-25', 100),
(203820090, 3, 2, '2023-12-25 09:30:00', '2023-12-25', 104),
(204947339, 4, 2, '2023-12-25 15:20:00', '2023-12-25', 206),
(205536244, 5, 2, '2023-12-27 09:30:00', '2023-12-27', 92),
(206384467, 6, 2, '2023-12-26 11:50:00', '2023-12-26', 119),
(206812391, 6, 2, '2023-12-27 18:00:00', '2023-12-27', 119),
(208842044, 8, 2, '2023-12-28 18:00:00', '2023-12-28', 168),
(209325140, 9, 2, '2023-12-27 11:15:00', '2023-12-27', 132),
(209578798, 9, 2, '2023-12-24 19:00:00', '2023-12-24', 132),
(209847883, 9, 2, '2023-12-26 20:15:00', '2023-12-26', 132),
(210909666, 10, 2, '2023-12-28 09:30:00', '2023-12-28', 90),
(211185675, 11, 2, '2023-12-25 13:30:00', '2023-12-25', 93),
(211918555, 11, 2, '2023-12-26 16:20:00', '2023-12-26', 93),
(212361550, 12, 2, '2023-12-28 11:20:00', '2023-12-28', 110),
(212384609, 12, 2, '2023-12-27 13:45:00', '2023-12-27', 110),
(212498632, 12, 2, '2023-12-26 14:05:00', '2023-12-26', 110),
(221608752, 21, 2, '2023-12-28 15:45:00', '2023-12-28', 112),
(221795527, 21, 2, '2023-12-25 19:00:00', '2023-12-25', 112),
(229112580, 29, 2, '2023-12-27 22:15:00', '2023-12-27', 120),
(229709647, 29, 2, '2023-12-28 21:00:00', '2023-12-28', 120),
(229785516, 29, 2, '2023-12-25 21:00:00', '2023-12-25', 120),
(231188734, 31, 2, '2023-12-26 18:20:00', '2023-12-26', 99),
(231573759, 31, 2, '2023-12-27 20:15:00', '2023-12-27', 99),
(232231224, 32, 2, '2023-12-28 13:30:00', '2023-12-28', 124),
(232660340, 32, 2, '2023-12-27 15:45:00', '2023-12-27', 124),
(232705965, 32, 2, '2023-12-26 09:30:00', '2023-12-26', 124),
(303355057, 3, 3, '2023-12-25 17:00:00', '2023-12-25', 104),
(303641521, 3, 3, '2023-12-27 09:15:00', '2023-12-27', 104),
(304105781, 4, 3, '2023-12-26 16:20:00', '2023-12-26', 206),
(305200958, 5, 3, '2023-12-26 12:00:00', '2023-12-26', 92),
(305658972, 5, 3, '2023-12-25 11:45:00', '2023-12-25', 92),
(308728195, 8, 3, '2023-12-27 13:20:00', '2023-12-27', 168),
(309159950, 9, 3, '2023-12-27 20:30:00', '2023-12-27', 132),
(309310806, 9, 3, '2023-12-24 19:00:00', '2023-12-24', 132),
(309515356, 9, 3, '2023-12-26 20:00:00', '2023-12-26', 132),
(309987020, 9, 3, '2023-12-25 19:00:00', '2023-12-25', 132),
(311320802, 11, 3, '2023-12-25 13:30:00', '2023-12-25', 93),
(312993215, 12, 3, '2023-12-27 11:15:00', '2023-12-27', 110),
(328392439, 28, 3, '2023-12-27 16:25:00', '2023-12-27', 114),
(329451711, 29, 3, '2023-12-26 14:00:00', '2023-12-26', 120),
(329759743, 29, 3, '2023-12-25 09:30:00', '2023-12-25', 120),
(330422415, 30, 3, '2023-12-25 15:15:00', '2023-12-25', 94),
(330677020, 30, 3, '2023-12-27 18:35:00', '2023-12-27', 94),
(332697800, 32, 3, '2023-12-26 09:30:00', '2023-12-26', 124);

--
-- Bẫy `screening`
--
DELIMITER $$
CREATE TRIGGER `create_seats_for_new_screening` AFTER INSERT ON `screening` FOR EACH ROW BEGIN
    DECLARE row_char CHAR(1);
    DECLARE col_num INT;
    DECLARE seat_name VARCHAR(3);
    SET row_char = 'A';
    SET col_num = 1;

    WHILE row_char <= 'F' DO
        SET col_num = 1;
        WHILE col_num <= 10 DO
            SET seat_name = CONCAT(row_char, col_num);
            INSERT INTO `seat_status` (`screening_id`, `seat_name`) VALUES (NEW.`id`, seat_name);
            SET col_num = col_num + 1;
        END WHILE;
        SET row_char = CHAR(ASCII(row_char) + 1);
    END WHILE;
END
$$
DELIMITER ;

-- --------------------------------------------------------

--
-- Cấu trúc bảng cho bảng `seats`
--

CREATE TABLE `seats` (
  `seat_id` int(11) NOT NULL,
  `seat_name` varchar(3) NOT NULL,
  `status` tinyint(1) NOT NULL,
  `cinema_id` int(11) NOT NULL
) ENGINE=InnoDB DEFAULT CHARSET=utf8mb4 COLLATE=utf8mb4_unicode_ci;

-- --------------------------------------------------------

--
-- Cấu trúc bảng cho bảng `seat_status`
--

CREATE TABLE `seat_status` (
  `id` int(11) NOT NULL,
  `screening_id` int(11) NOT NULL,
  `seat_name` varchar(3) NOT NULL,
  `status` tinyint(1) NOT NULL DEFAULT 0
) ENGINE=InnoDB DEFAULT CHARSET=utf8mb4 COLLATE=utf8mb4_unicode_ci;

--
-- Đang đổ dữ liệu cho bảng `seat_status`
--

INSERT INTO `seat_status` (`id`, `screening_id`, `seat_name`, `status`) VALUES
(3361, 106263298, 'A1', 0),
(3362, 106263298, 'A2', 0),
(3363, 106263298, 'A3', 0),
(3364, 106263298, 'A4', 0),
(3365, 106263298, 'A5', 0),
(3366, 106263298, 'A6', 0),
(3367, 106263298, 'A7', 0),
(3368, 106263298, 'A8', 0),
(3369, 106263298, 'A9', 0),
(3370, 106263298, 'A10', 0),
(3371, 106263298, 'B1', 0),
(3372, 106263298, 'B2', 0),
(3373, 106263298, 'B3', 0),
(3374, 106263298, 'B4', 0),
(3375, 106263298, 'B5', 0),
(3376, 106263298, 'B6', 0),
(3377, 106263298, 'B7', 0),
(3378, 106263298, 'B8', 0),
(3379, 106263298, 'B9', 0),
(3380, 106263298, 'B10', 0),
(3381, 106263298, 'C1', 0),
(3382, 106263298, 'C2', 0),
(3383, 106263298, 'C3', 0),
(3384, 106263298, 'C4', 0),
(3385, 106263298, 'C5', 0),
(3386, 106263298, 'C6', 0),
(3387, 106263298, 'C7', 0),
(3388, 106263298, 'C8', 0),
(3389, 106263298, 'C9', 0),
(3390, 106263298, 'C10', 0),
(3391, 106263298, 'D1', 0),
(3392, 106263298, 'D2', 0),
(3393, 106263298, 'D3', 0),
(3394, 106263298, 'D4', 0),
(3395, 106263298, 'D5', 0),
(3396, 106263298, 'D6', 0),
(3397, 106263298, 'D7', 0),
(3398, 106263298, 'D8', 0),
(3399, 106263298, 'D9', 0),
(3400, 106263298, 'D10', 0),
(3401, 106263298, 'E1', 0),
(3402, 106263298, 'E2', 0),
(3403, 106263298, 'E3', 0),
(3404, 106263298, 'E4', 0),
(3405, 106263298, 'E5', 0),
(3406, 106263298, 'E6', 0),
(3407, 106263298, 'E7', 0),
(3408, 106263298, 'E8', 0),
(3409, 106263298, 'E9', 0),
(3410, 106263298, 'E10', 0),
(3411, 106263298, 'F1', 0),
(3412, 106263298, 'F2', 0),
(3413, 106263298, 'F3', 0),
(3414, 106263298, 'F4', 0),
(3415, 106263298, 'F5', 0),
(3416, 106263298, 'F6', 0),
(3417, 106263298, 'F7', 0),
(3418, 106263298, 'F8', 0),
(3419, 106263298, 'F9', 0),
(3420, 106263298, 'F10', 0),
(3421, 102841742, 'A1', 0),
(3422, 102841742, 'A2', 0),
(3423, 102841742, 'A3', 0),
(3424, 102841742, 'A4', 0),
(3425, 102841742, 'A5', 0),
(3426, 102841742, 'A6', 0),
(3427, 102841742, 'A7', 0),
(3428, 102841742, 'A8', 0),
(3429, 102841742, 'A9', 0),
(3430, 102841742, 'A10', 0),
(3431, 102841742, 'B1', 0),
(3432, 102841742, 'B2', 0),
(3433, 102841742, 'B3', 0),
(3434, 102841742, 'B4', 0),
(3435, 102841742, 'B5', 0),
(3436, 102841742, 'B6', 0),
(3437, 102841742, 'B7', 0),
(3438, 102841742, 'B8', 0),
(3439, 102841742, 'B9', 0),
(3440, 102841742, 'B10', 0),
(3441, 102841742, 'C1', 0),
(3442, 102841742, 'C2', 0),
(3443, 102841742, 'C3', 0),
(3444, 102841742, 'C4', 0),
(3445, 102841742, 'C5', 0),
(3446, 102841742, 'C6', 0),
(3447, 102841742, 'C7', 0),
(3448, 102841742, 'C8', 0),
(3449, 102841742, 'C9', 0),
(3450, 102841742, 'C10', 0),
(3451, 102841742, 'D1', 0),
(3452, 102841742, 'D2', 0),
(3453, 102841742, 'D3', 0),
(3454, 102841742, 'D4', 0),
(3455, 102841742, 'D5', 0),
(3456, 102841742, 'D6', 0),
(3457, 102841742, 'D7', 0),
(3458, 102841742, 'D8', 0),
(3459, 102841742, 'D9', 0),
(3460, 102841742, 'D10', 0),
(3461, 102841742, 'E1', 0),
(3462, 102841742, 'E2', 0),
(3463, 102841742, 'E3', 0),
(3464, 102841742, 'E4', 0),
(3465, 102841742, 'E5', 0),
(3466, 102841742, 'E6', 0),
(3467, 102841742, 'E7', 0),
(3468, 102841742, 'E8', 0),
(3469, 102841742, 'E9', 0),
(3470, 102841742, 'E10', 0),
(3471, 102841742, 'F1', 0),
(3472, 102841742, 'F2', 0),
(3473, 102841742, 'F3', 0),
(3474, 102841742, 'F4', 0),
(3475, 102841742, 'F5', 0),
(3476, 102841742, 'F6', 0),
(3477, 102841742, 'F7', 0),
(3478, 102841742, 'F8', 0),
(3479, 102841742, 'F9', 0),
(3480, 102841742, 'F10', 0),
(3481, 104482756, 'A1', 0),
(3482, 104482756, 'A2', 0),
(3483, 104482756, 'A3', 0),
(3484, 104482756, 'A4', 0),
(3485, 104482756, 'A5', 0),
(3486, 104482756, 'A6', 0),
(3487, 104482756, 'A7', 0),
(3488, 104482756, 'A8', 0),
(3489, 104482756, 'A9', 0),
(3490, 104482756, 'A10', 0),
(3491, 104482756, 'B1', 0),
(3492, 104482756, 'B2', 0),
(3493, 104482756, 'B3', 0),
(3494, 104482756, 'B4', 0),
(3495, 104482756, 'B5', 0),
(3496, 104482756, 'B6', 0),
(3497, 104482756, 'B7', 0),
(3498, 104482756, 'B8', 0),
(3499, 104482756, 'B9', 0),
(3500, 104482756, 'B10', 0),
(3501, 104482756, 'C1', 0),
(3502, 104482756, 'C2', 0),
(3503, 104482756, 'C3', 0),
(3504, 104482756, 'C4', 0),
(3505, 104482756, 'C5', 0),
(3506, 104482756, 'C6', 0),
(3507, 104482756, 'C7', 0),
(3508, 104482756, 'C8', 0),
(3509, 104482756, 'C9', 0),
(3510, 104482756, 'C10', 0),
(3511, 104482756, 'D1', 0),
(3512, 104482756, 'D2', 0),
(3513, 104482756, 'D3', 0),
(3514, 104482756, 'D4', 0),
(3515, 104482756, 'D5', 0),
(3516, 104482756, 'D6', 0),
(3517, 104482756, 'D7', 0),
(3518, 104482756, 'D8', 0),
(3519, 104482756, 'D9', 0),
(3520, 104482756, 'D10', 0),
(3521, 104482756, 'E1', 0),
(3522, 104482756, 'E2', 0),
(3523, 104482756, 'E3', 0),
(3524, 104482756, 'E4', 0),
(3525, 104482756, 'E5', 0),
(3526, 104482756, 'E6', 0),
(3527, 104482756, 'E7', 0),
(3528, 104482756, 'E8', 0),
(3529, 104482756, 'E9', 0),
(3530, 104482756, 'E10', 0),
(3531, 104482756, 'F1', 0),
(3532, 104482756, 'F2', 0),
(3533, 104482756, 'F3', 0),
(3534, 104482756, 'F4', 0),
(3535, 104482756, 'F5', 0),
(3536, 104482756, 'F6', 0),
(3537, 104482756, 'F7', 0),
(3538, 104482756, 'F8', 0),
(3539, 104482756, 'F9', 0),
(3540, 104482756, 'F10', 0),
(3541, 130419471, 'A1', 0),
(3542, 130419471, 'A2', 0),
(3543, 130419471, 'A3', 0),
(3544, 130419471, 'A4', 0),
(3545, 130419471, 'A5', 0),
(3546, 130419471, 'A6', 0),
(3547, 130419471, 'A7', 0),
(3548, 130419471, 'A8', 0),
(3549, 130419471, 'A9', 0),
(3550, 130419471, 'A10', 0),
(3551, 130419471, 'B1', 0),
(3552, 130419471, 'B2', 0),
(3553, 130419471, 'B3', 0),
(3554, 130419471, 'B4', 0),
(3555, 130419471, 'B5', 0),
(3556, 130419471, 'B6', 0),
(3557, 130419471, 'B7', 0),
(3558, 130419471, 'B8', 0),
(3559, 130419471, 'B9', 0),
(3560, 130419471, 'B10', 0),
(3561, 130419471, 'C1', 0),
(3562, 130419471, 'C2', 0),
(3563, 130419471, 'C3', 0),
(3564, 130419471, 'C4', 0),
(3565, 130419471, 'C5', 0),
(3566, 130419471, 'C6', 0),
(3567, 130419471, 'C7', 0),
(3568, 130419471, 'C8', 0),
(3569, 130419471, 'C9', 0),
(3570, 130419471, 'C10', 0),
(3571, 130419471, 'D1', 0),
(3572, 130419471, 'D2', 0),
(3573, 130419471, 'D3', 0),
(3574, 130419471, 'D4', 0),
(3575, 130419471, 'D5', 0),
(3576, 130419471, 'D6', 0),
(3577, 130419471, 'D7', 0),
(3578, 130419471, 'D8', 0),
(3579, 130419471, 'D9', 0),
(3580, 130419471, 'D10', 0),
(3581, 130419471, 'E1', 0),
(3582, 130419471, 'E2', 0),
(3583, 130419471, 'E3', 0),
(3584, 130419471, 'E4', 0),
(3585, 130419471, 'E5', 0),
(3586, 130419471, 'E6', 0),
(3587, 130419471, 'E7', 0),
(3588, 130419471, 'E8', 0),
(3589, 130419471, 'E9', 0),
(3590, 130419471, 'E10', 0),
(3591, 130419471, 'F1', 0),
(3592, 130419471, 'F2', 0),
(3593, 130419471, 'F3', 0),
(3594, 130419471, 'F4', 0),
(3595, 130419471, 'F5', 0),
(3596, 130419471, 'F6', 0),
(3597, 130419471, 'F7', 0),
(3598, 130419471, 'F8', 0),
(3599, 130419471, 'F9', 0),
(3600, 130419471, 'F10', 0),
(3601, 132291105, 'A1', 0),
(3602, 132291105, 'A2', 0),
(3603, 132291105, 'A3', 0),
(3604, 132291105, 'A4', 0),
(3605, 132291105, 'A5', 0),
(3606, 132291105, 'A6', 0),
(3607, 132291105, 'A7', 0),
(3608, 132291105, 'A8', 0),
(3609, 132291105, 'A9', 0),
(3610, 132291105, 'A10', 0),
(3611, 132291105, 'B1', 0),
(3612, 132291105, 'B2', 0),
(3613, 132291105, 'B3', 0),
(3614, 132291105, 'B4', 0),
(3615, 132291105, 'B5', 0),
(3616, 132291105, 'B6', 0),
(3617, 132291105, 'B7', 0),
(3618, 132291105, 'B8', 0),
(3619, 132291105, 'B9', 0),
(3620, 132291105, 'B10', 0),
(3621, 132291105, 'C1', 0),
(3622, 132291105, 'C2', 0),
(3623, 132291105, 'C3', 0),
(3624, 132291105, 'C4', 0),
(3625, 132291105, 'C5', 0),
(3626, 132291105, 'C6', 0),
(3627, 132291105, 'C7', 0),
(3628, 132291105, 'C8', 0),
(3629, 132291105, 'C9', 0),
(3630, 132291105, 'C10', 0),
(3631, 132291105, 'D1', 0),
(3632, 132291105, 'D2', 0),
(3633, 132291105, 'D3', 0),
(3634, 132291105, 'D4', 0),
(3635, 132291105, 'D5', 0),
(3636, 132291105, 'D6', 0),
(3637, 132291105, 'D7', 0),
(3638, 132291105, 'D8', 0),
(3639, 132291105, 'D9', 0),
(3640, 132291105, 'D10', 0),
(3641, 132291105, 'E1', 0),
(3642, 132291105, 'E2', 0),
(3643, 132291105, 'E3', 0),
(3644, 132291105, 'E4', 0),
(3645, 132291105, 'E5', 0),
(3646, 132291105, 'E6', 0),
(3647, 132291105, 'E7', 0),
(3648, 132291105, 'E8', 0),
(3649, 132291105, 'E9', 0),
(3650, 132291105, 'E10', 0),
(3651, 132291105, 'F1', 0),
(3652, 132291105, 'F2', 0),
(3653, 132291105, 'F3', 0),
(3654, 132291105, 'F4', 0),
(3655, 132291105, 'F5', 0),
(3656, 132291105, 'F6', 0),
(3657, 132291105, 'F7', 0),
(3658, 132291105, 'F8', 0),
(3659, 132291105, 'F9', 0),
(3660, 132291105, 'F10', 0),
(3661, 121740597, 'A1', 0),
(3662, 121740597, 'A2', 0),
(3663, 121740597, 'A3', 0),
(3664, 121740597, 'A4', 0),
(3665, 121740597, 'A5', 0),
(3666, 121740597, 'A6', 0),
(3667, 121740597, 'A7', 0),
(3668, 121740597, 'A8', 0),
(3669, 121740597, 'A9', 0),
(3670, 121740597, 'A10', 0),
(3671, 121740597, 'B1', 0),
(3672, 121740597, 'B2', 0),
(3673, 121740597, 'B3', 0),
(3674, 121740597, 'B4', 0),
(3675, 121740597, 'B5', 0),
(3676, 121740597, 'B6', 0),
(3677, 121740597, 'B7', 0),
(3678, 121740597, 'B8', 0),
(3679, 121740597, 'B9', 0),
(3680, 121740597, 'B10', 0),
(3681, 121740597, 'C1', 0),
(3682, 121740597, 'C2', 0),
(3683, 121740597, 'C3', 0),
(3684, 121740597, 'C4', 0),
(3685, 121740597, 'C5', 0),
(3686, 121740597, 'C6', 0),
(3687, 121740597, 'C7', 0),
(3688, 121740597, 'C8', 0),
(3689, 121740597, 'C9', 0),
(3690, 121740597, 'C10', 0),
(3691, 121740597, 'D1', 0),
(3692, 121740597, 'D2', 0),
(3693, 121740597, 'D3', 0),
(3694, 121740597, 'D4', 0),
(3695, 121740597, 'D5', 0),
(3696, 121740597, 'D6', 0),
(3697, 121740597, 'D7', 0),
(3698, 121740597, 'D8', 0),
(3699, 121740597, 'D9', 0),
(3700, 121740597, 'D10', 0),
(3701, 121740597, 'E1', 0),
(3702, 121740597, 'E2', 0),
(3703, 121740597, 'E3', 0),
(3704, 121740597, 'E4', 0),
(3705, 121740597, 'E5', 0),
(3706, 121740597, 'E6', 0),
(3707, 121740597, 'E7', 0),
(3708, 121740597, 'E8', 0),
(3709, 121740597, 'E9', 0),
(3710, 121740597, 'E10', 0),
(3711, 121740597, 'F1', 0),
(3712, 121740597, 'F2', 0),
(3713, 121740597, 'F3', 0),
(3714, 121740597, 'F4', 0),
(3715, 121740597, 'F5', 0),
(3716, 121740597, 'F6', 0),
(3717, 121740597, 'F7', 0),
(3718, 121740597, 'F8', 0),
(3719, 121740597, 'F9', 0),
(3720, 121740597, 'F10', 0),
(3721, 128839311, 'A1', 0),
(3722, 128839311, 'A2', 0),
(3723, 128839311, 'A3', 0),
(3724, 128839311, 'A4', 0),
(3725, 128839311, 'A5', 0),
(3726, 128839311, 'A6', 0),
(3727, 128839311, 'A7', 0),
(3728, 128839311, 'A8', 0),
(3729, 128839311, 'A9', 0),
(3730, 128839311, 'A10', 0),
(3731, 128839311, 'B1', 0),
(3732, 128839311, 'B2', 0),
(3733, 128839311, 'B3', 0),
(3734, 128839311, 'B4', 0),
(3735, 128839311, 'B5', 0),
(3736, 128839311, 'B6', 0),
(3737, 128839311, 'B7', 0),
(3738, 128839311, 'B8', 0),
(3739, 128839311, 'B9', 0),
(3740, 128839311, 'B10', 0),
(3741, 128839311, 'C1', 0),
(3742, 128839311, 'C2', 0),
(3743, 128839311, 'C3', 0),
(3744, 128839311, 'C4', 0),
(3745, 128839311, 'C5', 0),
(3746, 128839311, 'C6', 0),
(3747, 128839311, 'C7', 0),
(3748, 128839311, 'C8', 0),
(3749, 128839311, 'C9', 0),
(3750, 128839311, 'C10', 0),
(3751, 128839311, 'D1', 0),
(3752, 128839311, 'D2', 0),
(3753, 128839311, 'D3', 0),
(3754, 128839311, 'D4', 0),
(3755, 128839311, 'D5', 0),
(3756, 128839311, 'D6', 0),
(3757, 128839311, 'D7', 0),
(3758, 128839311, 'D8', 0),
(3759, 128839311, 'D9', 0),
(3760, 128839311, 'D10', 0),
(3761, 128839311, 'E1', 0),
(3762, 128839311, 'E2', 0),
(3763, 128839311, 'E3', 0),
(3764, 128839311, 'E4', 0),
(3765, 128839311, 'E5', 0),
(3766, 128839311, 'E6', 0),
(3767, 128839311, 'E7', 0),
(3768, 128839311, 'E8', 0),
(3769, 128839311, 'E9', 0),
(3770, 128839311, 'E10', 0),
(3771, 128839311, 'F1', 0),
(3772, 128839311, 'F2', 0),
(3773, 128839311, 'F3', 0),
(3774, 128839311, 'F4', 0),
(3775, 128839311, 'F5', 0),
(3776, 128839311, 'F6', 0),
(3777, 128839311, 'F7', 0),
(3778, 128839311, 'F8', 0),
(3779, 128839311, 'F9', 0),
(3780, 128839311, 'F10', 0),
(3781, 131336523, 'A1', 0),
(3782, 131336523, 'A2', 0),
(3783, 131336523, 'A3', 0),
(3784, 131336523, 'A4', 0),
(3785, 131336523, 'A5', 0),
(3786, 131336523, 'A6', 0),
(3787, 131336523, 'A7', 0),
(3788, 131336523, 'A8', 0),
(3789, 131336523, 'A9', 0),
(3790, 131336523, 'A10', 0),
(3791, 131336523, 'B1', 0),
(3792, 131336523, 'B2', 0),
(3793, 131336523, 'B3', 0),
(3794, 131336523, 'B4', 0),
(3795, 131336523, 'B5', 0),
(3796, 131336523, 'B6', 0),
(3797, 131336523, 'B7', 0),
(3798, 131336523, 'B8', 0),
(3799, 131336523, 'B9', 0),
(3800, 131336523, 'B10', 0),
(3801, 131336523, 'C1', 0),
(3802, 131336523, 'C2', 0),
(3803, 131336523, 'C3', 0),
(3804, 131336523, 'C4', 0),
(3805, 131336523, 'C5', 0),
(3806, 131336523, 'C6', 0),
(3807, 131336523, 'C7', 0),
(3808, 131336523, 'C8', 0),
(3809, 131336523, 'C9', 0),
(3810, 131336523, 'C10', 0),
(3811, 131336523, 'D1', 0),
(3812, 131336523, 'D2', 0),
(3813, 131336523, 'D3', 0),
(3814, 131336523, 'D4', 0),
(3815, 131336523, 'D5', 0),
(3816, 131336523, 'D6', 0),
(3817, 131336523, 'D7', 0),
(3818, 131336523, 'D8', 0),
(3819, 131336523, 'D9', 0),
(3820, 131336523, 'D10', 0),
(3821, 131336523, 'E1', 0),
(3822, 131336523, 'E2', 0),
(3823, 131336523, 'E3', 0),
(3824, 131336523, 'E4', 0),
(3825, 131336523, 'E5', 0),
(3826, 131336523, 'E6', 0),
(3827, 131336523, 'E7', 0),
(3828, 131336523, 'E8', 0),
(3829, 131336523, 'E9', 0),
(3830, 131336523, 'E10', 0),
(3831, 131336523, 'F1', 0),
(3832, 131336523, 'F2', 0),
(3833, 131336523, 'F3', 0),
(3834, 131336523, 'F4', 0),
(3835, 131336523, 'F5', 0),
(3836, 131336523, 'F6', 0),
(3837, 131336523, 'F7', 0),
(3838, 131336523, 'F8', 0),
(3839, 131336523, 'F9', 0),
(3840, 131336523, 'F10', 0),
(3841, 205536244, 'A1', 0),
(3842, 205536244, 'A2', 0),
(3843, 205536244, 'A3', 0),
(3844, 205536244, 'A4', 0),
(3845, 205536244, 'A5', 0),
(3846, 205536244, 'A6', 0),
(3847, 205536244, 'A7', 0),
(3848, 205536244, 'A8', 0),
(3849, 205536244, 'A9', 0),
(3850, 205536244, 'A10', 0),
(3851, 205536244, 'B1', 0),
(3852, 205536244, 'B2', 0),
(3853, 205536244, 'B3', 0),
(3854, 205536244, 'B4', 0),
(3855, 205536244, 'B5', 0),
(3856, 205536244, 'B6', 0),
(3857, 205536244, 'B7', 0),
(3858, 205536244, 'B8', 0),
(3859, 205536244, 'B9', 0),
(3860, 205536244, 'B10', 0),
(3861, 205536244, 'C1', 0),
(3862, 205536244, 'C2', 0),
(3863, 205536244, 'C3', 0),
(3864, 205536244, 'C4', 0),
(3865, 205536244, 'C5', 0),
(3866, 205536244, 'C6', 0),
(3867, 205536244, 'C7', 0),
(3868, 205536244, 'C8', 0),
(3869, 205536244, 'C9', 0),
(3870, 205536244, 'C10', 0),
(3871, 205536244, 'D1', 0),
(3872, 205536244, 'D2', 0),
(3873, 205536244, 'D3', 0),
(3874, 205536244, 'D4', 0),
(3875, 205536244, 'D5', 0),
(3876, 205536244, 'D6', 0),
(3877, 205536244, 'D7', 0),
(3878, 205536244, 'D8', 0),
(3879, 205536244, 'D9', 0),
(3880, 205536244, 'D10', 0),
(3881, 205536244, 'E1', 0),
(3882, 205536244, 'E2', 0),
(3883, 205536244, 'E3', 0),
(3884, 205536244, 'E4', 0),
(3885, 205536244, 'E5', 0),
(3886, 205536244, 'E6', 0),
(3887, 205536244, 'E7', 0),
(3888, 205536244, 'E8', 0),
(3889, 205536244, 'E9', 0),
(3890, 205536244, 'E10', 0),
(3891, 205536244, 'F1', 0),
(3892, 205536244, 'F2', 0),
(3893, 205536244, 'F3', 0),
(3894, 205536244, 'F4', 0),
(3895, 205536244, 'F5', 0),
(3896, 205536244, 'F6', 0),
(3897, 205536244, 'F7', 0),
(3898, 205536244, 'F8', 0),
(3899, 205536244, 'F9', 0),
(3900, 205536244, 'F10', 0),
(3901, 209325140, 'A1', 0),
(3902, 209325140, 'A2', 0),
(3903, 209325140, 'A3', 0),
(3904, 209325140, 'A4', 0),
(3905, 209325140, 'A5', 0),
(3906, 209325140, 'A6', 0),
(3907, 209325140, 'A7', 0),
(3908, 209325140, 'A8', 0),
(3909, 209325140, 'A9', 0),
(3910, 209325140, 'A10', 0),
(3911, 209325140, 'B1', 0),
(3912, 209325140, 'B2', 0),
(3913, 209325140, 'B3', 0),
(3914, 209325140, 'B4', 0),
(3915, 209325140, 'B5', 0),
(3916, 209325140, 'B6', 0),
(3917, 209325140, 'B7', 0),
(3918, 209325140, 'B8', 0),
(3919, 209325140, 'B9', 0),
(3920, 209325140, 'B10', 0),
(3921, 209325140, 'C1', 0),
(3922, 209325140, 'C2', 0),
(3923, 209325140, 'C3', 0),
(3924, 209325140, 'C4', 0),
(3925, 209325140, 'C5', 0),
(3926, 209325140, 'C6', 0),
(3927, 209325140, 'C7', 0),
(3928, 209325140, 'C8', 0),
(3929, 209325140, 'C9', 0),
(3930, 209325140, 'C10', 0),
(3931, 209325140, 'D1', 0),
(3932, 209325140, 'D2', 0),
(3933, 209325140, 'D3', 0),
(3934, 209325140, 'D4', 0),
(3935, 209325140, 'D5', 0),
(3936, 209325140, 'D6', 0),
(3937, 209325140, 'D7', 0),
(3938, 209325140, 'D8', 0),
(3939, 209325140, 'D9', 0),
(3940, 209325140, 'D10', 0),
(3941, 209325140, 'E1', 0),
(3942, 209325140, 'E2', 0),
(3943, 209325140, 'E3', 0),
(3944, 209325140, 'E4', 0),
(3945, 209325140, 'E5', 0),
(3946, 209325140, 'E6', 0),
(3947, 209325140, 'E7', 0),
(3948, 209325140, 'E8', 0),
(3949, 209325140, 'E9', 0),
(3950, 209325140, 'E10', 0),
(3951, 209325140, 'F1', 0),
(3952, 209325140, 'F2', 0),
(3953, 209325140, 'F3', 0),
(3954, 209325140, 'F4', 0),
(3955, 209325140, 'F5', 0),
(3956, 209325140, 'F6', 0),
(3957, 209325140, 'F7', 0),
(3958, 209325140, 'F8', 0),
(3959, 209325140, 'F9', 0),
(3960, 209325140, 'F10', 0),
(3961, 212384609, 'A1', 0),
(3962, 212384609, 'A2', 0),
(3963, 212384609, 'A3', 0),
(3964, 212384609, 'A4', 0),
(3965, 212384609, 'A5', 0),
(3966, 212384609, 'A6', 0),
(3967, 212384609, 'A7', 0),
(3968, 212384609, 'A8', 0),
(3969, 212384609, 'A9', 0),
(3970, 212384609, 'A10', 0),
(3971, 212384609, 'B1', 0),
(3972, 212384609, 'B2', 0),
(3973, 212384609, 'B3', 0),
(3974, 212384609, 'B4', 0),
(3975, 212384609, 'B5', 0),
(3976, 212384609, 'B6', 0),
(3977, 212384609, 'B7', 0),
(3978, 212384609, 'B8', 0),
(3979, 212384609, 'B9', 0),
(3980, 212384609, 'B10', 0),
(3981, 212384609, 'C1', 0),
(3982, 212384609, 'C2', 0),
(3983, 212384609, 'C3', 0),
(3984, 212384609, 'C4', 0),
(3985, 212384609, 'C5', 0),
(3986, 212384609, 'C6', 0),
(3987, 212384609, 'C7', 0),
(3988, 212384609, 'C8', 0),
(3989, 212384609, 'C9', 0),
(3990, 212384609, 'C10', 0),
(3991, 212384609, 'D1', 0),
(3992, 212384609, 'D2', 0),
(3993, 212384609, 'D3', 0),
(3994, 212384609, 'D4', 0),
(3995, 212384609, 'D5', 0),
(3996, 212384609, 'D6', 0),
(3997, 212384609, 'D7', 0),
(3998, 212384609, 'D8', 0),
(3999, 212384609, 'D9', 0),
(4000, 212384609, 'D10', 0),
(4001, 212384609, 'E1', 0),
(4002, 212384609, 'E2', 0),
(4003, 212384609, 'E3', 0),
(4004, 212384609, 'E4', 0),
(4005, 212384609, 'E5', 0),
(4006, 212384609, 'E6', 0),
(4007, 212384609, 'E7', 0),
(4008, 212384609, 'E8', 0),
(4009, 212384609, 'E9', 0),
(4010, 212384609, 'E10', 0),
(4011, 212384609, 'F1', 0),
(4012, 212384609, 'F2', 0),
(4013, 212384609, 'F3', 0),
(4014, 212384609, 'F4', 0),
(4015, 212384609, 'F5', 0),
(4016, 212384609, 'F6', 0),
(4017, 212384609, 'F7', 0),
(4018, 212384609, 'F8', 0),
(4019, 212384609, 'F9', 0),
(4020, 212384609, 'F10', 0),
(4021, 232660340, 'A1', 0),
(4022, 232660340, 'A2', 0),
(4023, 232660340, 'A3', 0),
(4024, 232660340, 'A4', 0),
(4025, 232660340, 'A5', 0),
(4026, 232660340, 'A6', 0),
(4027, 232660340, 'A7', 0),
(4028, 232660340, 'A8', 0),
(4029, 232660340, 'A9', 0),
(4030, 232660340, 'A10', 0),
(4031, 232660340, 'B1', 0),
(4032, 232660340, 'B2', 0),
(4033, 232660340, 'B3', 0),
(4034, 232660340, 'B4', 0),
(4035, 232660340, 'B5', 0),
(4036, 232660340, 'B6', 0),
(4037, 232660340, 'B7', 0),
(4038, 232660340, 'B8', 0),
(4039, 232660340, 'B9', 0),
(4040, 232660340, 'B10', 0),
(4041, 232660340, 'C1', 0),
(4042, 232660340, 'C2', 0),
(4043, 232660340, 'C3', 0),
(4044, 232660340, 'C4', 0),
(4045, 232660340, 'C5', 0),
(4046, 232660340, 'C6', 0),
(4047, 232660340, 'C7', 0),
(4048, 232660340, 'C8', 0),
(4049, 232660340, 'C9', 0),
(4050, 232660340, 'C10', 0),
(4051, 232660340, 'D1', 0),
(4052, 232660340, 'D2', 0),
(4053, 232660340, 'D3', 0),
(4054, 232660340, 'D4', 0),
(4055, 232660340, 'D5', 0),
(4056, 232660340, 'D6', 0),
(4057, 232660340, 'D7', 0),
(4058, 232660340, 'D8', 0),
(4059, 232660340, 'D9', 0),
(4060, 232660340, 'D10', 0),
(4061, 232660340, 'E1', 0),
(4062, 232660340, 'E2', 0),
(4063, 232660340, 'E3', 0),
(4064, 232660340, 'E4', 0),
(4065, 232660340, 'E5', 0),
(4066, 232660340, 'E6', 0),
(4067, 232660340, 'E7', 0),
(4068, 232660340, 'E8', 0),
(4069, 232660340, 'E9', 0),
(4070, 232660340, 'E10', 0),
(4071, 232660340, 'F1', 0),
(4072, 232660340, 'F2', 0),
(4073, 232660340, 'F3', 0),
(4074, 232660340, 'F4', 0),
(4075, 232660340, 'F5', 0),
(4076, 232660340, 'F6', 0),
(4077, 232660340, 'F7', 0),
(4078, 232660340, 'F8', 0),
(4079, 232660340, 'F9', 0),
(4080, 232660340, 'F10', 0),
(4081, 206812391, 'A1', 0),
(4082, 206812391, 'A2', 0),
(4083, 206812391, 'A3', 0),
(4084, 206812391, 'A4', 0),
(4085, 206812391, 'A5', 0),
(4086, 206812391, 'A6', 0),
(4087, 206812391, 'A7', 0),
(4088, 206812391, 'A8', 0),
(4089, 206812391, 'A9', 0),
(4090, 206812391, 'A10', 0),
(4091, 206812391, 'B1', 0),
(4092, 206812391, 'B2', 0),
(4093, 206812391, 'B3', 0),
(4094, 206812391, 'B4', 0),
(4095, 206812391, 'B5', 0),
(4096, 206812391, 'B6', 0),
(4097, 206812391, 'B7', 0),
(4098, 206812391, 'B8', 0),
(4099, 206812391, 'B9', 0),
(4100, 206812391, 'B10', 0),
(4101, 206812391, 'C1', 0),
(4102, 206812391, 'C2', 0),
(4103, 206812391, 'C3', 0),
(4104, 206812391, 'C4', 0),
(4105, 206812391, 'C5', 0),
(4106, 206812391, 'C6', 0),
(4107, 206812391, 'C7', 0),
(4108, 206812391, 'C8', 0),
(4109, 206812391, 'C9', 0),
(4110, 206812391, 'C10', 0),
(4111, 206812391, 'D1', 0),
(4112, 206812391, 'D2', 0),
(4113, 206812391, 'D3', 0),
(4114, 206812391, 'D4', 0),
(4115, 206812391, 'D5', 0),
(4116, 206812391, 'D6', 0),
(4117, 206812391, 'D7', 0),
(4118, 206812391, 'D8', 0),
(4119, 206812391, 'D9', 0),
(4120, 206812391, 'D10', 0),
(4121, 206812391, 'E1', 0),
(4122, 206812391, 'E2', 0),
(4123, 206812391, 'E3', 0),
(4124, 206812391, 'E4', 0),
(4125, 206812391, 'E5', 0),
(4126, 206812391, 'E6', 0),
(4127, 206812391, 'E7', 0),
(4128, 206812391, 'E8', 0),
(4129, 206812391, 'E9', 0),
(4130, 206812391, 'E10', 0),
(4131, 206812391, 'F1', 0),
(4132, 206812391, 'F2', 0),
(4133, 206812391, 'F3', 0),
(4134, 206812391, 'F4', 0),
(4135, 206812391, 'F5', 0),
(4136, 206812391, 'F6', 0),
(4137, 206812391, 'F7', 0),
(4138, 206812391, 'F8', 0),
(4139, 206812391, 'F9', 0),
(4140, 206812391, 'F10', 0),
(4141, 231573759, 'A1', 0),
(4142, 231573759, 'A2', 0),
(4143, 231573759, 'A3', 0),
(4144, 231573759, 'A4', 0),
(4145, 231573759, 'A5', 0),
(4146, 231573759, 'A6', 0),
(4147, 231573759, 'A7', 0),
(4148, 231573759, 'A8', 0),
(4149, 231573759, 'A9', 0),
(4150, 231573759, 'A10', 0),
(4151, 231573759, 'B1', 0),
(4152, 231573759, 'B2', 0),
(4153, 231573759, 'B3', 0),
(4154, 231573759, 'B4', 0),
(4155, 231573759, 'B5', 0),
(4156, 231573759, 'B6', 0),
(4157, 231573759, 'B7', 0),
(4158, 231573759, 'B8', 0),
(4159, 231573759, 'B9', 0),
(4160, 231573759, 'B10', 0),
(4161, 231573759, 'C1', 0),
(4162, 231573759, 'C2', 0),
(4163, 231573759, 'C3', 0),
(4164, 231573759, 'C4', 0),
(4165, 231573759, 'C5', 0),
(4166, 231573759, 'C6', 0),
(4167, 231573759, 'C7', 0),
(4168, 231573759, 'C8', 0),
(4169, 231573759, 'C9', 0),
(4170, 231573759, 'C10', 0),
(4171, 231573759, 'D1', 0),
(4172, 231573759, 'D2', 0),
(4173, 231573759, 'D3', 0),
(4174, 231573759, 'D4', 0),
(4175, 231573759, 'D5', 0),
(4176, 231573759, 'D6', 0),
(4177, 231573759, 'D7', 0),
(4178, 231573759, 'D8', 0),
(4179, 231573759, 'D9', 0),
(4180, 231573759, 'D10', 0),
(4181, 231573759, 'E1', 0),
(4182, 231573759, 'E2', 0),
(4183, 231573759, 'E3', 0),
(4184, 231573759, 'E4', 0),
(4185, 231573759, 'E5', 0),
(4186, 231573759, 'E6', 0),
(4187, 231573759, 'E7', 0),
(4188, 231573759, 'E8', 0),
(4189, 231573759, 'E9', 0),
(4190, 231573759, 'E10', 0),
(4191, 231573759, 'F1', 0),
(4192, 231573759, 'F2', 0),
(4193, 231573759, 'F3', 0),
(4194, 231573759, 'F4', 0),
(4195, 231573759, 'F5', 0),
(4196, 231573759, 'F6', 0),
(4197, 231573759, 'F7', 0),
(4198, 231573759, 'F8', 0),
(4199, 231573759, 'F9', 0),
(4200, 231573759, 'F10', 0),
(4201, 229112580, 'A1', 0),
(4202, 229112580, 'A2', 0),
(4203, 229112580, 'A3', 0),
(4204, 229112580, 'A4', 0),
(4205, 229112580, 'A5', 0),
(4206, 229112580, 'A6', 0),
(4207, 229112580, 'A7', 0),
(4208, 229112580, 'A8', 0),
(4209, 229112580, 'A9', 0),
(4210, 229112580, 'A10', 0),
(4211, 229112580, 'B1', 0),
(4212, 229112580, 'B2', 0),
(4213, 229112580, 'B3', 0),
(4214, 229112580, 'B4', 0),
(4215, 229112580, 'B5', 0),
(4216, 229112580, 'B6', 0),
(4217, 229112580, 'B7', 0),
(4218, 229112580, 'B8', 0),
(4219, 229112580, 'B9', 0),
(4220, 229112580, 'B10', 0),
(4221, 229112580, 'C1', 0),
(4222, 229112580, 'C2', 0),
(4223, 229112580, 'C3', 0),
(4224, 229112580, 'C4', 0),
(4225, 229112580, 'C5', 0),
(4226, 229112580, 'C6', 0),
(4227, 229112580, 'C7', 0),
(4228, 229112580, 'C8', 0),
(4229, 229112580, 'C9', 0),
(4230, 229112580, 'C10', 0),
(4231, 229112580, 'D1', 0),
(4232, 229112580, 'D2', 0),
(4233, 229112580, 'D3', 0),
(4234, 229112580, 'D4', 0),
(4235, 229112580, 'D5', 0),
(4236, 229112580, 'D6', 0),
(4237, 229112580, 'D7', 0),
(4238, 229112580, 'D8', 0),
(4239, 229112580, 'D9', 0),
(4240, 229112580, 'D10', 0),
(4241, 229112580, 'E1', 0),
(4242, 229112580, 'E2', 0),
(4243, 229112580, 'E3', 0),
(4244, 229112580, 'E4', 0),
(4245, 229112580, 'E5', 0),
(4246, 229112580, 'E6', 0),
(4247, 229112580, 'E7', 0),
(4248, 229112580, 'E8', 0),
(4249, 229112580, 'E9', 0),
(4250, 229112580, 'E10', 0),
(4251, 229112580, 'F1', 0),
(4252, 229112580, 'F2', 0),
(4253, 229112580, 'F3', 0),
(4254, 229112580, 'F4', 0),
(4255, 229112580, 'F5', 0),
(4256, 229112580, 'F6', 0),
(4257, 229112580, 'F7', 0),
(4258, 229112580, 'F8', 0),
(4259, 229112580, 'F9', 0),
(4260, 229112580, 'F10', 0),
(4261, 303641521, 'A1', 0),
(4262, 303641521, 'A2', 0),
(4263, 303641521, 'A3', 0),
(4264, 303641521, 'A4', 0),
(4265, 303641521, 'A5', 0),
(4266, 303641521, 'A6', 0),
(4267, 303641521, 'A7', 0),
(4268, 303641521, 'A8', 0),
(4269, 303641521, 'A9', 0),
(4270, 303641521, 'A10', 0),
(4271, 303641521, 'B1', 0),
(4272, 303641521, 'B2', 0),
(4273, 303641521, 'B3', 0),
(4274, 303641521, 'B4', 0),
(4275, 303641521, 'B5', 0),
(4276, 303641521, 'B6', 0),
(4277, 303641521, 'B7', 0),
(4278, 303641521, 'B8', 0),
(4279, 303641521, 'B9', 0),
(4280, 303641521, 'B10', 0),
(4281, 303641521, 'C1', 0),
(4282, 303641521, 'C2', 0),
(4283, 303641521, 'C3', 0),
(4284, 303641521, 'C4', 0),
(4285, 303641521, 'C5', 0),
(4286, 303641521, 'C6', 0),
(4287, 303641521, 'C7', 0),
(4288, 303641521, 'C8', 0),
(4289, 303641521, 'C9', 0),
(4290, 303641521, 'C10', 0),
(4291, 303641521, 'D1', 0),
(4292, 303641521, 'D2', 0),
(4293, 303641521, 'D3', 0),
(4294, 303641521, 'D4', 0),
(4295, 303641521, 'D5', 0),
(4296, 303641521, 'D6', 0),
(4297, 303641521, 'D7', 0),
(4298, 303641521, 'D8', 0),
(4299, 303641521, 'D9', 0),
(4300, 303641521, 'D10', 0),
(4301, 303641521, 'E1', 0),
(4302, 303641521, 'E2', 0),
(4303, 303641521, 'E3', 0),
(4304, 303641521, 'E4', 0),
(4305, 303641521, 'E5', 0),
(4306, 303641521, 'E6', 0),
(4307, 303641521, 'E7', 0),
(4308, 303641521, 'E8', 0),
(4309, 303641521, 'E9', 0),
(4310, 303641521, 'E10', 0),
(4311, 303641521, 'F1', 0),
(4312, 303641521, 'F2', 0),
(4313, 303641521, 'F3', 0),
(4314, 303641521, 'F4', 0),
(4315, 303641521, 'F5', 0),
(4316, 303641521, 'F6', 0),
(4317, 303641521, 'F7', 0),
(4318, 303641521, 'F8', 0),
(4319, 303641521, 'F9', 0),
(4320, 303641521, 'F10', 0),
(4321, 312993215, 'A1', 0),
(4322, 312993215, 'A2', 0),
(4323, 312993215, 'A3', 0),
(4324, 312993215, 'A4', 0),
(4325, 312993215, 'A5', 0),
(4326, 312993215, 'A6', 0),
(4327, 312993215, 'A7', 0),
(4328, 312993215, 'A8', 0),
(4329, 312993215, 'A9', 0),
(4330, 312993215, 'A10', 0),
(4331, 312993215, 'B1', 0),
(4332, 312993215, 'B2', 0),
(4333, 312993215, 'B3', 0),
(4334, 312993215, 'B4', 0),
(4335, 312993215, 'B5', 0),
(4336, 312993215, 'B6', 0),
(4337, 312993215, 'B7', 0),
(4338, 312993215, 'B8', 0),
(4339, 312993215, 'B9', 0),
(4340, 312993215, 'B10', 0),
(4341, 312993215, 'C1', 0),
(4342, 312993215, 'C2', 0),
(4343, 312993215, 'C3', 0),
(4344, 312993215, 'C4', 0),
(4345, 312993215, 'C5', 0),
(4346, 312993215, 'C6', 0),
(4347, 312993215, 'C7', 0),
(4348, 312993215, 'C8', 0),
(4349, 312993215, 'C9', 0),
(4350, 312993215, 'C10', 0),
(4351, 312993215, 'D1', 0),
(4352, 312993215, 'D2', 0),
(4353, 312993215, 'D3', 0),
(4354, 312993215, 'D4', 0),
(4355, 312993215, 'D5', 0),
(4356, 312993215, 'D6', 0),
(4357, 312993215, 'D7', 0),
(4358, 312993215, 'D8', 0),
(4359, 312993215, 'D9', 0),
(4360, 312993215, 'D10', 0),
(4361, 312993215, 'E1', 0),
(4362, 312993215, 'E2', 0),
(4363, 312993215, 'E3', 0),
(4364, 312993215, 'E4', 0),
(4365, 312993215, 'E5', 0),
(4366, 312993215, 'E6', 0),
(4367, 312993215, 'E7', 0),
(4368, 312993215, 'E8', 0),
(4369, 312993215, 'E9', 0),
(4370, 312993215, 'E10', 0),
(4371, 312993215, 'F1', 0),
(4372, 312993215, 'F2', 0),
(4373, 312993215, 'F3', 0),
(4374, 312993215, 'F4', 0),
(4375, 312993215, 'F5', 0),
(4376, 312993215, 'F6', 0),
(4377, 312993215, 'F7', 0),
(4378, 312993215, 'F8', 0),
(4379, 312993215, 'F9', 0),
(4380, 312993215, 'F10', 0),
(4381, 308728195, 'A1', 0),
(4382, 308728195, 'A2', 0),
(4383, 308728195, 'A3', 0),
(4384, 308728195, 'A4', 0),
(4385, 308728195, 'A5', 0),
(4386, 308728195, 'A6', 0),
(4387, 308728195, 'A7', 0),
(4388, 308728195, 'A8', 0),
(4389, 308728195, 'A9', 0),
(4390, 308728195, 'A10', 0),
(4391, 308728195, 'B1', 0),
(4392, 308728195, 'B2', 0),
(4393, 308728195, 'B3', 0),
(4394, 308728195, 'B4', 0),
(4395, 308728195, 'B5', 0),
(4396, 308728195, 'B6', 0),
(4397, 308728195, 'B7', 0),
(4398, 308728195, 'B8', 0),
(4399, 308728195, 'B9', 0),
(4400, 308728195, 'B10', 0),
(4401, 308728195, 'C1', 0),
(4402, 308728195, 'C2', 0),
(4403, 308728195, 'C3', 0),
(4404, 308728195, 'C4', 0),
(4405, 308728195, 'C5', 0),
(4406, 308728195, 'C6', 0),
(4407, 308728195, 'C7', 0),
(4408, 308728195, 'C8', 0),
(4409, 308728195, 'C9', 0),
(4410, 308728195, 'C10', 0),
(4411, 308728195, 'D1', 0),
(4412, 308728195, 'D2', 0),
(4413, 308728195, 'D3', 0),
(4414, 308728195, 'D4', 0),
(4415, 308728195, 'D5', 0),
(4416, 308728195, 'D6', 0),
(4417, 308728195, 'D7', 0),
(4418, 308728195, 'D8', 0),
(4419, 308728195, 'D9', 0),
(4420, 308728195, 'D10', 0),
(4421, 308728195, 'E1', 0),
(4422, 308728195, 'E2', 0),
(4423, 308728195, 'E3', 0),
(4424, 308728195, 'E4', 0),
(4425, 308728195, 'E5', 0),
(4426, 308728195, 'E6', 0),
(4427, 308728195, 'E7', 0),
(4428, 308728195, 'E8', 0),
(4429, 308728195, 'E9', 0),
(4430, 308728195, 'E10', 0),
(4431, 308728195, 'F1', 0),
(4432, 308728195, 'F2', 0),
(4433, 308728195, 'F3', 0),
(4434, 308728195, 'F4', 0),
(4435, 308728195, 'F5', 0),
(4436, 308728195, 'F6', 0),
(4437, 308728195, 'F7', 0),
(4438, 308728195, 'F8', 0),
(4439, 308728195, 'F9', 0),
(4440, 308728195, 'F10', 0),
(4441, 328392439, 'A1', 0),
(4442, 328392439, 'A2', 0),
(4443, 328392439, 'A3', 0),
(4444, 328392439, 'A4', 0),
(4445, 328392439, 'A5', 0),
(4446, 328392439, 'A6', 0),
(4447, 328392439, 'A7', 0),
(4448, 328392439, 'A8', 0),
(4449, 328392439, 'A9', 0),
(4450, 328392439, 'A10', 0),
(4451, 328392439, 'B1', 0),
(4452, 328392439, 'B2', 0),
(4453, 328392439, 'B3', 0),
(4454, 328392439, 'B4', 0),
(4455, 328392439, 'B5', 0),
(4456, 328392439, 'B6', 0),
(4457, 328392439, 'B7', 0),
(4458, 328392439, 'B8', 0),
(4459, 328392439, 'B9', 0),
(4460, 328392439, 'B10', 0),
(4461, 328392439, 'C1', 0),
(4462, 328392439, 'C2', 0),
(4463, 328392439, 'C3', 0),
(4464, 328392439, 'C4', 0),
(4465, 328392439, 'C5', 0),
(4466, 328392439, 'C6', 0),
(4467, 328392439, 'C7', 0),
(4468, 328392439, 'C8', 0),
(4469, 328392439, 'C9', 0),
(4470, 328392439, 'C10', 0),
(4471, 328392439, 'D1', 0),
(4472, 328392439, 'D2', 0),
(4473, 328392439, 'D3', 0),
(4474, 328392439, 'D4', 0),
(4475, 328392439, 'D5', 0),
(4476, 328392439, 'D6', 0),
(4477, 328392439, 'D7', 0),
(4478, 328392439, 'D8', 0),
(4479, 328392439, 'D9', 0),
(4480, 328392439, 'D10', 0),
(4481, 328392439, 'E1', 0),
(4482, 328392439, 'E2', 0),
(4483, 328392439, 'E3', 0),
(4484, 328392439, 'E4', 0),
(4485, 328392439, 'E5', 0),
(4486, 328392439, 'E6', 0),
(4487, 328392439, 'E7', 0),
(4488, 328392439, 'E8', 0),
(4489, 328392439, 'E9', 0),
(4490, 328392439, 'E10', 0),
(4491, 328392439, 'F1', 0),
(4492, 328392439, 'F2', 0),
(4493, 328392439, 'F3', 0),
(4494, 328392439, 'F4', 0),
(4495, 328392439, 'F5', 0),
(4496, 328392439, 'F6', 0),
(4497, 328392439, 'F7', 0),
(4498, 328392439, 'F8', 0),
(4499, 328392439, 'F9', 0),
(4500, 328392439, 'F10', 0),
(4501, 330677020, 'A1', 0),
(4502, 330677020, 'A2', 0),
(4503, 330677020, 'A3', 0),
(4504, 330677020, 'A4', 0),
(4505, 330677020, 'A5', 0),
(4506, 330677020, 'A6', 0),
(4507, 330677020, 'A7', 0),
(4508, 330677020, 'A8', 0),
(4509, 330677020, 'A9', 0),
(4510, 330677020, 'A10', 0),
(4511, 330677020, 'B1', 0),
(4512, 330677020, 'B2', 0),
(4513, 330677020, 'B3', 0),
(4514, 330677020, 'B4', 0),
(4515, 330677020, 'B5', 0),
(4516, 330677020, 'B6', 0),
(4517, 330677020, 'B7', 0),
(4518, 330677020, 'B8', 0),
(4519, 330677020, 'B9', 0),
(4520, 330677020, 'B10', 0),
(4521, 330677020, 'C1', 0),
(4522, 330677020, 'C2', 0),
(4523, 330677020, 'C3', 0),
(4524, 330677020, 'C4', 0),
(4525, 330677020, 'C5', 0),
(4526, 330677020, 'C6', 0),
(4527, 330677020, 'C7', 0),
(4528, 330677020, 'C8', 0),
(4529, 330677020, 'C9', 0),
(4530, 330677020, 'C10', 0),
(4531, 330677020, 'D1', 0),
(4532, 330677020, 'D2', 0),
(4533, 330677020, 'D3', 0),
(4534, 330677020, 'D4', 0),
(4535, 330677020, 'D5', 0),
(4536, 330677020, 'D6', 0),
(4537, 330677020, 'D7', 0),
(4538, 330677020, 'D8', 0),
(4539, 330677020, 'D9', 0),
(4540, 330677020, 'D10', 0),
(4541, 330677020, 'E1', 0),
(4542, 330677020, 'E2', 0),
(4543, 330677020, 'E3', 0),
(4544, 330677020, 'E4', 0),
(4545, 330677020, 'E5', 0),
(4546, 330677020, 'E6', 0),
(4547, 330677020, 'E7', 0),
(4548, 330677020, 'E8', 0),
(4549, 330677020, 'E9', 0),
(4550, 330677020, 'E10', 0),
(4551, 330677020, 'F1', 0),
(4552, 330677020, 'F2', 0),
(4553, 330677020, 'F3', 0),
(4554, 330677020, 'F4', 0),
(4555, 330677020, 'F5', 0),
(4556, 330677020, 'F6', 0),
(4557, 330677020, 'F7', 0),
(4558, 330677020, 'F8', 0),
(4559, 330677020, 'F9', 0),
(4560, 330677020, 'F10', 0),
(4561, 309159950, 'A1', 0),
(4562, 309159950, 'A2', 0),
(4563, 309159950, 'A3', 0),
(4564, 309159950, 'A4', 0),
(4565, 309159950, 'A5', 0),
(4566, 309159950, 'A6', 0),
(4567, 309159950, 'A7', 0),
(4568, 309159950, 'A8', 0),
(4569, 309159950, 'A9', 0),
(4570, 309159950, 'A10', 0),
(4571, 309159950, 'B1', 0),
(4572, 309159950, 'B2', 0),
(4573, 309159950, 'B3', 0),
(4574, 309159950, 'B4', 0),
(4575, 309159950, 'B5', 0),
(4576, 309159950, 'B6', 0),
(4577, 309159950, 'B7', 0),
(4578, 309159950, 'B8', 0),
(4579, 309159950, 'B9', 0),
(4580, 309159950, 'B10', 0),
(4581, 309159950, 'C1', 0),
(4582, 309159950, 'C2', 0),
(4583, 309159950, 'C3', 0),
(4584, 309159950, 'C4', 0),
(4585, 309159950, 'C5', 0),
(4586, 309159950, 'C6', 0),
(4587, 309159950, 'C7', 0),
(4588, 309159950, 'C8', 0),
(4589, 309159950, 'C9', 0),
(4590, 309159950, 'C10', 0),
(4591, 309159950, 'D1', 0),
(4592, 309159950, 'D2', 0),
(4593, 309159950, 'D3', 0),
(4594, 309159950, 'D4', 0),
(4595, 309159950, 'D5', 0),
(4596, 309159950, 'D6', 0),
(4597, 309159950, 'D7', 0),
(4598, 309159950, 'D8', 0),
(4599, 309159950, 'D9', 0),
(4600, 309159950, 'D10', 0),
(4601, 309159950, 'E1', 0),
(4602, 309159950, 'E2', 0),
(4603, 309159950, 'E3', 0),
(4604, 309159950, 'E4', 0),
(4605, 309159950, 'E5', 0),
(4606, 309159950, 'E6', 0),
(4607, 309159950, 'E7', 0),
(4608, 309159950, 'E8', 0),
(4609, 309159950, 'E9', 0),
(4610, 309159950, 'E10', 0),
(4611, 309159950, 'F1', 0),
(4612, 309159950, 'F2', 0),
(4613, 309159950, 'F3', 0),
(4614, 309159950, 'F4', 0),
(4615, 309159950, 'F5', 0),
(4616, 309159950, 'F6', 0),
(4617, 309159950, 'F7', 0),
(4618, 309159950, 'F8', 0),
(4619, 309159950, 'F9', 0),
(4620, 309159950, 'F10', 0),
(4621, 103506373, 'A1', 0),
(4622, 103506373, 'A2', 0),
(4623, 103506373, 'A3', 0),
(4624, 103506373, 'A4', 0),
(4625, 103506373, 'A5', 0),
(4626, 103506373, 'A6', 0),
(4627, 103506373, 'A7', 0),
(4628, 103506373, 'A8', 0),
(4629, 103506373, 'A9', 0),
(4630, 103506373, 'A10', 0),
(4631, 103506373, 'B1', 0),
(4632, 103506373, 'B2', 0),
(4633, 103506373, 'B3', 0),
(4634, 103506373, 'B4', 0),
(4635, 103506373, 'B5', 0),
(4636, 103506373, 'B6', 0),
(4637, 103506373, 'B7', 0),
(4638, 103506373, 'B8', 0),
(4639, 103506373, 'B9', 0),
(4640, 103506373, 'B10', 0),
(4641, 103506373, 'C1', 0),
(4642, 103506373, 'C2', 0),
(4643, 103506373, 'C3', 0),
(4644, 103506373, 'C4', 0),
(4645, 103506373, 'C5', 0),
(4646, 103506373, 'C6', 0),
(4647, 103506373, 'C7', 0),
(4648, 103506373, 'C8', 0),
(4649, 103506373, 'C9', 0),
(4650, 103506373, 'C10', 0),
(4651, 103506373, 'D1', 0),
(4652, 103506373, 'D2', 0),
(4653, 103506373, 'D3', 0),
(4654, 103506373, 'D4', 0),
(4655, 103506373, 'D5', 0),
(4656, 103506373, 'D6', 0),
(4657, 103506373, 'D7', 0),
(4658, 103506373, 'D8', 0),
(4659, 103506373, 'D9', 0),
(4660, 103506373, 'D10', 0),
(4661, 103506373, 'E1', 0),
(4662, 103506373, 'E2', 0),
(4663, 103506373, 'E3', 0),
(4664, 103506373, 'E4', 0),
(4665, 103506373, 'E5', 0),
(4666, 103506373, 'E6', 0),
(4667, 103506373, 'E7', 0),
(4668, 103506373, 'E8', 0),
(4669, 103506373, 'E9', 0),
(4670, 103506373, 'E10', 0),
(4671, 103506373, 'F1', 0),
(4672, 103506373, 'F2', 0),
(4673, 103506373, 'F3', 0),
(4674, 103506373, 'F4', 0),
(4675, 103506373, 'F5', 0),
(4676, 103506373, 'F6', 0),
(4677, 103506373, 'F7', 0),
(4678, 103506373, 'F8', 0),
(4679, 103506373, 'F9', 0),
(4680, 103506373, 'F10', 0),
(4681, 129630398, 'A1', 0),
(4682, 129630398, 'A2', 0),
(4683, 129630398, 'A3', 0),
(4684, 129630398, 'A4', 0),
(4685, 129630398, 'A5', 0),
(4686, 129630398, 'A6', 0),
(4687, 129630398, 'A7', 0),
(4688, 129630398, 'A8', 0),
(4689, 129630398, 'A9', 0),
(4690, 129630398, 'A10', 0),
(4691, 129630398, 'B1', 0),
(4692, 129630398, 'B2', 0),
(4693, 129630398, 'B3', 0),
(4694, 129630398, 'B4', 0),
(4695, 129630398, 'B5', 0),
(4696, 129630398, 'B6', 0),
(4697, 129630398, 'B7', 0),
(4698, 129630398, 'B8', 0),
(4699, 129630398, 'B9', 0),
(4700, 129630398, 'B10', 0),
(4701, 129630398, 'C1', 0),
(4702, 129630398, 'C2', 0),
(4703, 129630398, 'C3', 0),
(4704, 129630398, 'C4', 0),
(4705, 129630398, 'C5', 0),
(4706, 129630398, 'C6', 0),
(4707, 129630398, 'C7', 0),
(4708, 129630398, 'C8', 0),
(4709, 129630398, 'C9', 0),
(4710, 129630398, 'C10', 0),
(4711, 129630398, 'D1', 0),
(4712, 129630398, 'D2', 0),
(4713, 129630398, 'D3', 0),
(4714, 129630398, 'D4', 0),
(4715, 129630398, 'D5', 0),
(4716, 129630398, 'D6', 0),
(4717, 129630398, 'D7', 0),
(4718, 129630398, 'D8', 0),
(4719, 129630398, 'D9', 0),
(4720, 129630398, 'D10', 0),
(4721, 129630398, 'E1', 0),
(4722, 129630398, 'E2', 0),
(4723, 129630398, 'E3', 0),
(4724, 129630398, 'E4', 0),
(4725, 129630398, 'E5', 0),
(4726, 129630398, 'E6', 0),
(4727, 129630398, 'E7', 0),
(4728, 129630398, 'E8', 0),
(4729, 129630398, 'E9', 0),
(4730, 129630398, 'E10', 0),
(4731, 129630398, 'F1', 0),
(4732, 129630398, 'F2', 0),
(4733, 129630398, 'F3', 0),
(4734, 129630398, 'F4', 0),
(4735, 129630398, 'F5', 0),
(4736, 129630398, 'F6', 0),
(4737, 129630398, 'F7', 0),
(4738, 129630398, 'F8', 0),
(4739, 129630398, 'F9', 0),
(4740, 129630398, 'F10', 0),
(4741, 106875491, 'A1', 0),
(4742, 106875491, 'A2', 0),
(4743, 106875491, 'A3', 0),
(4744, 106875491, 'A4', 0),
(4745, 106875491, 'A5', 0),
(4746, 106875491, 'A6', 0),
(4747, 106875491, 'A7', 0),
(4748, 106875491, 'A8', 0),
(4749, 106875491, 'A9', 0),
(4750, 106875491, 'A10', 0),
(4751, 106875491, 'B1', 0),
(4752, 106875491, 'B2', 0),
(4753, 106875491, 'B3', 0),
(4754, 106875491, 'B4', 0),
(4755, 106875491, 'B5', 0),
(4756, 106875491, 'B6', 0),
(4757, 106875491, 'B7', 0),
(4758, 106875491, 'B8', 0),
(4759, 106875491, 'B9', 0),
(4760, 106875491, 'B10', 0),
(4761, 106875491, 'C1', 0),
(4762, 106875491, 'C2', 0),
(4763, 106875491, 'C3', 0),
(4764, 106875491, 'C4', 0),
(4765, 106875491, 'C5', 0),
(4766, 106875491, 'C6', 0),
(4767, 106875491, 'C7', 0),
(4768, 106875491, 'C8', 0),
(4769, 106875491, 'C9', 0),
(4770, 106875491, 'C10', 0),
(4771, 106875491, 'D1', 0),
(4772, 106875491, 'D2', 0),
(4773, 106875491, 'D3', 0),
(4774, 106875491, 'D4', 0),
(4775, 106875491, 'D5', 0),
(4776, 106875491, 'D6', 0),
(4777, 106875491, 'D7', 0),
(4778, 106875491, 'D8', 0),
(4779, 106875491, 'D9', 0),
(4780, 106875491, 'D10', 0),
(4781, 106875491, 'E1', 0),
(4782, 106875491, 'E2', 0),
(4783, 106875491, 'E3', 0),
(4784, 106875491, 'E4', 0),
(4785, 106875491, 'E5', 0),
(4786, 106875491, 'E6', 0),
(4787, 106875491, 'E7', 0),
(4788, 106875491, 'E8', 0),
(4789, 106875491, 'E9', 0),
(4790, 106875491, 'E10', 0),
(4791, 106875491, 'F1', 0),
(4792, 106875491, 'F2', 0),
(4793, 106875491, 'F3', 0),
(4794, 106875491, 'F4', 0),
(4795, 106875491, 'F5', 0),
(4796, 106875491, 'F6', 0),
(4797, 106875491, 'F7', 0),
(4798, 106875491, 'F8', 0),
(4799, 106875491, 'F9', 0),
(4800, 106875491, 'F10', 0),
(4801, 105137381, 'A1', 0),
(4802, 105137381, 'A2', 0),
(4803, 105137381, 'A3', 0),
(4804, 105137381, 'A4', 0),
(4805, 105137381, 'A5', 0),
(4806, 105137381, 'A6', 0),
(4807, 105137381, 'A7', 0),
(4808, 105137381, 'A8', 0),
(4809, 105137381, 'A9', 0),
(4810, 105137381, 'A10', 0),
(4811, 105137381, 'B1', 0),
(4812, 105137381, 'B2', 0),
(4813, 105137381, 'B3', 0),
(4814, 105137381, 'B4', 0),
(4815, 105137381, 'B5', 0),
(4816, 105137381, 'B6', 0),
(4817, 105137381, 'B7', 0),
(4818, 105137381, 'B8', 0),
(4819, 105137381, 'B9', 0),
(4820, 105137381, 'B10', 0),
(4821, 105137381, 'C1', 0),
(4822, 105137381, 'C2', 0),
(4823, 105137381, 'C3', 0),
(4824, 105137381, 'C4', 0),
(4825, 105137381, 'C5', 0),
(4826, 105137381, 'C6', 0),
(4827, 105137381, 'C7', 0),
(4828, 105137381, 'C8', 0),
(4829, 105137381, 'C9', 0),
(4830, 105137381, 'C10', 0),
(4831, 105137381, 'D1', 0),
(4832, 105137381, 'D2', 0),
(4833, 105137381, 'D3', 0),
(4834, 105137381, 'D4', 0),
(4835, 105137381, 'D5', 0),
(4836, 105137381, 'D6', 0),
(4837, 105137381, 'D7', 0),
(4838, 105137381, 'D8', 0),
(4839, 105137381, 'D9', 0),
(4840, 105137381, 'D10', 0),
(4841, 105137381, 'E1', 0),
(4842, 105137381, 'E2', 0),
(4843, 105137381, 'E3', 0),
(4844, 105137381, 'E4', 0),
(4845, 105137381, 'E5', 0),
(4846, 105137381, 'E6', 0),
(4847, 105137381, 'E7', 0),
(4848, 105137381, 'E8', 0),
(4849, 105137381, 'E9', 0),
(4850, 105137381, 'E10', 0),
(4851, 105137381, 'F1', 0),
(4852, 105137381, 'F2', 0),
(4853, 105137381, 'F3', 0),
(4854, 105137381, 'F4', 0),
(4855, 105137381, 'F5', 0),
(4856, 105137381, 'F6', 0),
(4857, 105137381, 'F7', 0),
(4858, 105137381, 'F8', 0),
(4859, 105137381, 'F9', 0),
(4860, 105137381, 'F10', 0),
(4861, 111922318, 'A1', 0),
(4862, 111922318, 'A2', 0),
(4863, 111922318, 'A3', 0),
(4864, 111922318, 'A4', 0),
(4865, 111922318, 'A5', 0),
(4866, 111922318, 'A6', 0),
(4867, 111922318, 'A7', 0),
(4868, 111922318, 'A8', 0),
(4869, 111922318, 'A9', 0),
(4870, 111922318, 'A10', 0),
(4871, 111922318, 'B1', 0),
(4872, 111922318, 'B2', 0),
(4873, 111922318, 'B3', 0),
(4874, 111922318, 'B4', 0),
(4875, 111922318, 'B5', 0),
(4876, 111922318, 'B6', 0),
(4877, 111922318, 'B7', 0),
(4878, 111922318, 'B8', 0),
(4879, 111922318, 'B9', 0),
(4880, 111922318, 'B10', 0),
(4881, 111922318, 'C1', 0),
(4882, 111922318, 'C2', 0),
(4883, 111922318, 'C3', 0),
(4884, 111922318, 'C4', 0),
(4885, 111922318, 'C5', 0),
(4886, 111922318, 'C6', 0),
(4887, 111922318, 'C7', 0),
(4888, 111922318, 'C8', 0),
(4889, 111922318, 'C9', 0),
(4890, 111922318, 'C10', 0),
(4891, 111922318, 'D1', 0),
(4892, 111922318, 'D2', 0),
(4893, 111922318, 'D3', 0),
(4894, 111922318, 'D4', 0),
(4895, 111922318, 'D5', 0),
(4896, 111922318, 'D6', 0),
(4897, 111922318, 'D7', 0),
(4898, 111922318, 'D8', 0),
(4899, 111922318, 'D9', 0),
(4900, 111922318, 'D10', 0),
(4901, 111922318, 'E1', 0),
(4902, 111922318, 'E2', 0),
(4903, 111922318, 'E3', 0),
(4904, 111922318, 'E4', 0),
(4905, 111922318, 'E5', 0),
(4906, 111922318, 'E6', 0),
(4907, 111922318, 'E7', 0),
(4908, 111922318, 'E8', 0),
(4909, 111922318, 'E9', 0),
(4910, 111922318, 'E10', 0),
(4911, 111922318, 'F1', 0),
(4912, 111922318, 'F2', 0),
(4913, 111922318, 'F3', 0),
(4914, 111922318, 'F4', 0),
(4915, 111922318, 'F5', 0),
(4916, 111922318, 'F6', 0),
(4917, 111922318, 'F7', 0),
(4918, 111922318, 'F8', 0),
(4919, 111922318, 'F9', 0),
(4920, 111922318, 'F10', 0),
(4921, 108845684, 'A1', 0),
(4922, 108845684, 'A2', 0),
(4923, 108845684, 'A3', 0),
(4924, 108845684, 'A4', 0),
(4925, 108845684, 'A5', 0),
(4926, 108845684, 'A6', 0),
(4927, 108845684, 'A7', 0),
(4928, 108845684, 'A8', 0),
(4929, 108845684, 'A9', 0),
(4930, 108845684, 'A10', 0),
(4931, 108845684, 'B1', 0),
(4932, 108845684, 'B2', 0),
(4933, 108845684, 'B3', 0),
(4934, 108845684, 'B4', 0),
(4935, 108845684, 'B5', 0),
(4936, 108845684, 'B6', 0),
(4937, 108845684, 'B7', 0),
(4938, 108845684, 'B8', 0),
(4939, 108845684, 'B9', 0),
(4940, 108845684, 'B10', 0),
(4941, 108845684, 'C1', 0),
(4942, 108845684, 'C2', 0),
(4943, 108845684, 'C3', 0),
(4944, 108845684, 'C4', 0),
(4945, 108845684, 'C5', 0),
(4946, 108845684, 'C6', 0),
(4947, 108845684, 'C7', 0),
(4948, 108845684, 'C8', 0),
(4949, 108845684, 'C9', 0),
(4950, 108845684, 'C10', 0),
(4951, 108845684, 'D1', 0),
(4952, 108845684, 'D2', 0),
(4953, 108845684, 'D3', 0),
(4954, 108845684, 'D4', 0),
(4955, 108845684, 'D5', 0),
(4956, 108845684, 'D6', 0),
(4957, 108845684, 'D7', 0),
(4958, 108845684, 'D8', 0),
(4959, 108845684, 'D9', 0),
(4960, 108845684, 'D10', 0),
(4961, 108845684, 'E1', 0),
(4962, 108845684, 'E2', 0),
(4963, 108845684, 'E3', 0),
(4964, 108845684, 'E4', 0),
(4965, 108845684, 'E5', 0),
(4966, 108845684, 'E6', 0),
(4967, 108845684, 'E7', 0),
(4968, 108845684, 'E8', 0),
(4969, 108845684, 'E9', 0),
(4970, 108845684, 'E10', 0),
(4971, 108845684, 'F1', 0),
(4972, 108845684, 'F2', 0),
(4973, 108845684, 'F3', 0),
(4974, 108845684, 'F4', 0),
(4975, 108845684, 'F5', 0),
(4976, 108845684, 'F6', 0),
(4977, 108845684, 'F7', 0),
(4978, 108845684, 'F8', 0),
(4979, 108845684, 'F9', 0),
(4980, 108845684, 'F10', 0),
(4981, 210909666, 'A1', 0),
(4982, 210909666, 'A2', 0),
(4983, 210909666, 'A3', 0),
(4984, 210909666, 'A4', 0),
(4985, 210909666, 'A5', 0),
(4986, 210909666, 'A6', 0),
(4987, 210909666, 'A7', 0),
(4988, 210909666, 'A8', 0),
(4989, 210909666, 'A9', 0),
(4990, 210909666, 'A10', 0),
(4991, 210909666, 'B1', 0),
(4992, 210909666, 'B2', 0),
(4993, 210909666, 'B3', 0),
(4994, 210909666, 'B4', 0),
(4995, 210909666, 'B5', 0),
(4996, 210909666, 'B6', 0),
(4997, 210909666, 'B7', 0),
(4998, 210909666, 'B8', 0),
(4999, 210909666, 'B9', 0),
(5000, 210909666, 'B10', 0),
(5001, 210909666, 'C1', 0),
(5002, 210909666, 'C2', 0),
(5003, 210909666, 'C3', 0),
(5004, 210909666, 'C4', 0),
(5005, 210909666, 'C5', 0),
(5006, 210909666, 'C6', 0),
(5007, 210909666, 'C7', 0),
(5008, 210909666, 'C8', 0),
(5009, 210909666, 'C9', 0),
(5010, 210909666, 'C10', 0),
(5011, 210909666, 'D1', 0),
(5012, 210909666, 'D2', 0),
(5013, 210909666, 'D3', 0),
(5014, 210909666, 'D4', 0),
(5015, 210909666, 'D5', 0),
(5016, 210909666, 'D6', 0),
(5017, 210909666, 'D7', 0),
(5018, 210909666, 'D8', 0),
(5019, 210909666, 'D9', 0),
(5020, 210909666, 'D10', 0),
(5021, 210909666, 'E1', 0),
(5022, 210909666, 'E2', 0),
(5023, 210909666, 'E3', 0),
(5024, 210909666, 'E4', 0),
(5025, 210909666, 'E5', 0),
(5026, 210909666, 'E6', 0),
(5027, 210909666, 'E7', 0),
(5028, 210909666, 'E8', 0),
(5029, 210909666, 'E9', 0),
(5030, 210909666, 'E10', 0),
(5031, 210909666, 'F1', 0),
(5032, 210909666, 'F2', 0),
(5033, 210909666, 'F3', 0),
(5034, 210909666, 'F4', 0),
(5035, 210909666, 'F5', 0),
(5036, 210909666, 'F6', 0),
(5037, 210909666, 'F7', 0),
(5038, 210909666, 'F8', 0),
(5039, 210909666, 'F9', 0),
(5040, 210909666, 'F10', 0),
(5041, 212361550, 'A1', 0),
(5042, 212361550, 'A2', 0),
(5043, 212361550, 'A3', 0),
(5044, 212361550, 'A4', 0),
(5045, 212361550, 'A5', 0),
(5046, 212361550, 'A6', 0),
(5047, 212361550, 'A7', 0),
(5048, 212361550, 'A8', 0),
(5049, 212361550, 'A9', 0),
(5050, 212361550, 'A10', 0),
(5051, 212361550, 'B1', 0),
(5052, 212361550, 'B2', 0),
(5053, 212361550, 'B3', 0),
(5054, 212361550, 'B4', 0),
(5055, 212361550, 'B5', 0),
(5056, 212361550, 'B6', 0),
(5057, 212361550, 'B7', 0),
(5058, 212361550, 'B8', 0),
(5059, 212361550, 'B9', 0),
(5060, 212361550, 'B10', 0),
(5061, 212361550, 'C1', 0),
(5062, 212361550, 'C2', 0),
(5063, 212361550, 'C3', 0),
(5064, 212361550, 'C4', 0),
(5065, 212361550, 'C5', 0),
(5066, 212361550, 'C6', 0),
(5067, 212361550, 'C7', 0),
(5068, 212361550, 'C8', 0),
(5069, 212361550, 'C9', 0),
(5070, 212361550, 'C10', 0),
(5071, 212361550, 'D1', 0),
(5072, 212361550, 'D2', 0),
(5073, 212361550, 'D3', 0),
(5074, 212361550, 'D4', 0),
(5075, 212361550, 'D5', 0),
(5076, 212361550, 'D6', 0),
(5077, 212361550, 'D7', 0),
(5078, 212361550, 'D8', 0),
(5079, 212361550, 'D9', 0),
(5080, 212361550, 'D10', 0),
(5081, 212361550, 'E1', 0),
(5082, 212361550, 'E2', 0),
(5083, 212361550, 'E3', 0),
(5084, 212361550, 'E4', 0),
(5085, 212361550, 'E5', 0),
(5086, 212361550, 'E6', 0),
(5087, 212361550, 'E7', 0),
(5088, 212361550, 'E8', 0),
(5089, 212361550, 'E9', 0),
(5090, 212361550, 'E10', 0),
(5091, 212361550, 'F1', 0),
(5092, 212361550, 'F2', 0),
(5093, 212361550, 'F3', 0),
(5094, 212361550, 'F4', 0),
(5095, 212361550, 'F5', 0),
(5096, 212361550, 'F6', 0),
(5097, 212361550, 'F7', 0),
(5098, 212361550, 'F8', 0),
(5099, 212361550, 'F9', 0),
(5100, 212361550, 'F10', 0),
(5101, 232231224, 'A1', 0),
(5102, 232231224, 'A2', 0),
(5103, 232231224, 'A3', 0),
(5104, 232231224, 'A4', 0),
(5105, 232231224, 'A5', 0),
(5106, 232231224, 'A6', 0),
(5107, 232231224, 'A7', 0),
(5108, 232231224, 'A8', 0),
(5109, 232231224, 'A9', 0),
(5110, 232231224, 'A10', 0),
(5111, 232231224, 'B1', 0),
(5112, 232231224, 'B2', 0),
(5113, 232231224, 'B3', 0),
(5114, 232231224, 'B4', 0),
(5115, 232231224, 'B5', 0),
(5116, 232231224, 'B6', 0),
(5117, 232231224, 'B7', 0),
(5118, 232231224, 'B8', 0),
(5119, 232231224, 'B9', 0),
(5120, 232231224, 'B10', 0),
(5121, 232231224, 'C1', 0),
(5122, 232231224, 'C2', 0),
(5123, 232231224, 'C3', 0),
(5124, 232231224, 'C4', 0),
(5125, 232231224, 'C5', 0),
(5126, 232231224, 'C6', 0),
(5127, 232231224, 'C7', 0),
(5128, 232231224, 'C8', 0),
(5129, 232231224, 'C9', 0),
(5130, 232231224, 'C10', 0),
(5131, 232231224, 'D1', 0),
(5132, 232231224, 'D2', 0),
(5133, 232231224, 'D3', 0),
(5134, 232231224, 'D4', 0),
(5135, 232231224, 'D5', 0),
(5136, 232231224, 'D6', 0),
(5137, 232231224, 'D7', 0),
(5138, 232231224, 'D8', 0),
(5139, 232231224, 'D9', 0),
(5140, 232231224, 'D10', 0),
(5141, 232231224, 'E1', 0),
(5142, 232231224, 'E2', 0),
(5143, 232231224, 'E3', 0),
(5144, 232231224, 'E4', 0),
(5145, 232231224, 'E5', 0),
(5146, 232231224, 'E6', 0),
(5147, 232231224, 'E7', 0),
(5148, 232231224, 'E8', 0),
(5149, 232231224, 'E9', 0),
(5150, 232231224, 'E10', 0),
(5151, 232231224, 'F1', 0),
(5152, 232231224, 'F2', 0),
(5153, 232231224, 'F3', 0),
(5154, 232231224, 'F4', 0),
(5155, 232231224, 'F5', 0),
(5156, 232231224, 'F6', 0),
(5157, 232231224, 'F7', 0),
(5158, 232231224, 'F8', 0),
(5159, 232231224, 'F9', 0),
(5160, 232231224, 'F10', 0),
(5161, 221608752, 'A1', 0),
(5162, 221608752, 'A2', 0),
(5163, 221608752, 'A3', 0),
(5164, 221608752, 'A4', 0),
(5165, 221608752, 'A5', 0),
(5166, 221608752, 'A6', 0),
(5167, 221608752, 'A7', 0),
(5168, 221608752, 'A8', 0),
(5169, 221608752, 'A9', 0),
(5170, 221608752, 'A10', 0),
(5171, 221608752, 'B1', 0),
(5172, 221608752, 'B2', 0),
(5173, 221608752, 'B3', 0),
(5174, 221608752, 'B4', 0),
(5175, 221608752, 'B5', 0),
(5176, 221608752, 'B6', 0),
(5177, 221608752, 'B7', 0),
(5178, 221608752, 'B8', 0),
(5179, 221608752, 'B9', 0),
(5180, 221608752, 'B10', 0),
(5181, 221608752, 'C1', 0),
(5182, 221608752, 'C2', 0),
(5183, 221608752, 'C3', 0),
(5184, 221608752, 'C4', 0),
(5185, 221608752, 'C5', 0),
(5186, 221608752, 'C6', 0),
(5187, 221608752, 'C7', 0),
(5188, 221608752, 'C8', 0),
(5189, 221608752, 'C9', 0),
(5190, 221608752, 'C10', 0),
(5191, 221608752, 'D1', 0),
(5192, 221608752, 'D2', 0),
(5193, 221608752, 'D3', 0),
(5194, 221608752, 'D4', 0),
(5195, 221608752, 'D5', 0),
(5196, 221608752, 'D6', 0),
(5197, 221608752, 'D7', 0),
(5198, 221608752, 'D8', 0),
(5199, 221608752, 'D9', 0),
(5200, 221608752, 'D10', 0),
(5201, 221608752, 'E1', 0),
(5202, 221608752, 'E2', 0),
(5203, 221608752, 'E3', 0),
(5204, 221608752, 'E4', 0),
(5205, 221608752, 'E5', 0),
(5206, 221608752, 'E6', 0),
(5207, 221608752, 'E7', 0),
(5208, 221608752, 'E8', 0),
(5209, 221608752, 'E9', 0),
(5210, 221608752, 'E10', 0),
(5211, 221608752, 'F1', 0),
(5212, 221608752, 'F2', 0),
(5213, 221608752, 'F3', 0),
(5214, 221608752, 'F4', 0),
(5215, 221608752, 'F5', 0),
(5216, 221608752, 'F6', 0),
(5217, 221608752, 'F7', 0),
(5218, 221608752, 'F8', 0),
(5219, 221608752, 'F9', 0),
(5220, 221608752, 'F10', 0),
(5221, 208842044, 'A1', 0),
(5222, 208842044, 'A2', 0),
(5223, 208842044, 'A3', 0),
(5224, 208842044, 'A4', 0),
(5225, 208842044, 'A5', 0),
(5226, 208842044, 'A6', 0),
(5227, 208842044, 'A7', 0),
(5228, 208842044, 'A8', 0),
(5229, 208842044, 'A9', 0),
(5230, 208842044, 'A10', 0),
(5231, 208842044, 'B1', 0),
(5232, 208842044, 'B2', 0),
(5233, 208842044, 'B3', 0),
(5234, 208842044, 'B4', 0),
(5235, 208842044, 'B5', 0),
(5236, 208842044, 'B6', 0),
(5237, 208842044, 'B7', 0),
(5238, 208842044, 'B8', 0),
(5239, 208842044, 'B9', 0),
(5240, 208842044, 'B10', 0),
(5241, 208842044, 'C1', 0),
(5242, 208842044, 'C2', 0),
(5243, 208842044, 'C3', 0),
(5244, 208842044, 'C4', 0),
(5245, 208842044, 'C5', 0),
(5246, 208842044, 'C6', 0),
(5247, 208842044, 'C7', 0),
(5248, 208842044, 'C8', 0),
(5249, 208842044, 'C9', 0),
(5250, 208842044, 'C10', 0),
(5251, 208842044, 'D1', 0),
(5252, 208842044, 'D2', 0),
(5253, 208842044, 'D3', 0),
(5254, 208842044, 'D4', 0),
(5255, 208842044, 'D5', 0),
(5256, 208842044, 'D6', 0),
(5257, 208842044, 'D7', 0),
(5258, 208842044, 'D8', 0),
(5259, 208842044, 'D9', 0),
(5260, 208842044, 'D10', 0),
(5261, 208842044, 'E1', 0),
(5262, 208842044, 'E2', 0),
(5263, 208842044, 'E3', 0),
(5264, 208842044, 'E4', 0),
(5265, 208842044, 'E5', 0),
(5266, 208842044, 'E6', 0),
(5267, 208842044, 'E7', 0),
(5268, 208842044, 'E8', 0),
(5269, 208842044, 'E9', 0),
(5270, 208842044, 'E10', 0),
(5271, 208842044, 'F1', 0),
(5272, 208842044, 'F2', 0);
INSERT INTO `seat_status` (`id`, `screening_id`, `seat_name`, `status`) VALUES
(5273, 208842044, 'F3', 0),
(5274, 208842044, 'F4', 0),
(5275, 208842044, 'F5', 0),
(5276, 208842044, 'F6', 0),
(5277, 208842044, 'F7', 0),
(5278, 208842044, 'F8', 0),
(5279, 208842044, 'F9', 0),
(5280, 208842044, 'F10', 0),
(5281, 229709647, 'A1', 0),
(5282, 229709647, 'A2', 0),
(5283, 229709647, 'A3', 0),
(5284, 229709647, 'A4', 0),
(5285, 229709647, 'A5', 0),
(5286, 229709647, 'A6', 0),
(5287, 229709647, 'A7', 0),
(5288, 229709647, 'A8', 0),
(5289, 229709647, 'A9', 0),
(5290, 229709647, 'A10', 0),
(5291, 229709647, 'B1', 0),
(5292, 229709647, 'B2', 0),
(5293, 229709647, 'B3', 0),
(5294, 229709647, 'B4', 0),
(5295, 229709647, 'B5', 0),
(5296, 229709647, 'B6', 0),
(5297, 229709647, 'B7', 0),
(5298, 229709647, 'B8', 0),
(5299, 229709647, 'B9', 0),
(5300, 229709647, 'B10', 0),
(5301, 229709647, 'C1', 0),
(5302, 229709647, 'C2', 0),
(5303, 229709647, 'C3', 0),
(5304, 229709647, 'C4', 0),
(5305, 229709647, 'C5', 0),
(5306, 229709647, 'C6', 0),
(5307, 229709647, 'C7', 0),
(5308, 229709647, 'C8', 0),
(5309, 229709647, 'C9', 0),
(5310, 229709647, 'C10', 0),
(5311, 229709647, 'D1', 0),
(5312, 229709647, 'D2', 0),
(5313, 229709647, 'D3', 0),
(5314, 229709647, 'D4', 0),
(5315, 229709647, 'D5', 0),
(5316, 229709647, 'D6', 0),
(5317, 229709647, 'D7', 0),
(5318, 229709647, 'D8', 0),
(5319, 229709647, 'D9', 0),
(5320, 229709647, 'D10', 0),
(5321, 229709647, 'E1', 0),
(5322, 229709647, 'E2', 0),
(5323, 229709647, 'E3', 0),
(5324, 229709647, 'E4', 0),
(5325, 229709647, 'E5', 0),
(5326, 229709647, 'E6', 0),
(5327, 229709647, 'E7', 0),
(5328, 229709647, 'E8', 0),
(5329, 229709647, 'E9', 0),
(5330, 229709647, 'E10', 0),
(5331, 229709647, 'F1', 0),
(5332, 229709647, 'F2', 0),
(5333, 229709647, 'F3', 0),
(5334, 229709647, 'F4', 0),
(5335, 229709647, 'F5', 0),
(5336, 229709647, 'F6', 0),
(5337, 229709647, 'F7', 0),
(5338, 229709647, 'F8', 0),
(5339, 229709647, 'F9', 0),
(5340, 229709647, 'F10', 0);

-- --------------------------------------------------------

--
-- Cấu trúc bảng cho bảng `slider`
--

CREATE TABLE `slider` (
  `id` int(11) NOT NULL,
  `link` varchar(999) NOT NULL
) ENGINE=InnoDB DEFAULT CHARSET=utf8mb4 COLLATE=utf8mb4_unicode_ci;

--
-- Đang đổ dữ liệu cho bảng `slider`
--

INSERT INTO `slider` (`id`, `link`) VALUES
(1, 'https://www.goldderby.com/wp-content/uploads/2023/10/Taylor-Swift-The-Eras-Tour.jpg'),
(2, 'https://www.venuscinema.vn/uploaded/slideshow/banner-nguoi-vo-cuoi-cung-rap-venus-cinema.jpg');

-- --------------------------------------------------------

--
-- Cấu trúc bảng cho bảng `users`
--

CREATE TABLE `users` (
  `id` varchar(36) NOT NULL,
  `user_name` varchar(99) NOT NULL,
  `password` varchar(99) NOT NULL,
  `name` varchar(255) NOT NULL,
  `admin` tinyint(1) NOT NULL
) ENGINE=InnoDB DEFAULT CHARSET=utf8mb4 COLLATE=utf8mb4_unicode_ci;

--
-- Đang đổ dữ liệu cho bảng `users`
--

INSERT INTO `users` (`id`, `user_name`, `password`, `name`, `admin`) VALUES
('5942584574479283', 'hieu', '$2y$10$.NDcI5jN7rEi8Uq.VtbJCexZtsA32yKKyucYVVrEp1FzH/.aaC.hK', 'Hieu Nguyen', 1),
('7445011386283920', 'huy', '$2y$10$iQwgu8227DqhFN9foE/CrePpCD1B8v2Vkn7.3UjRxphd4VEwOoTp6', 'Cong Huy', 0),
('8926783270965499', 'hieu1', '$2y$10$hVaCqqIqgHX5F5P58jIAa..j9wpFGVX.4gJMtwJSsNhwg2/Y3h52.', 'NgHieu', 1);

--
-- Chỉ mục cho các bảng đã đổ
--

--
-- Chỉ mục cho bảng `cinemas`
--
ALTER TABLE `cinemas`
  ADD PRIMARY KEY (`cinema_id`);

--
-- Chỉ mục cho bảng `csdlghengoi`
--
ALTER TABLE `csdlghengoi`
  ADD PRIMARY KEY (`id`);

--
-- Chỉ mục cho bảng `movie`
--
ALTER TABLE `movie`
  ADD PRIMARY KEY (`id`);

--
-- Chỉ mục cho bảng `screening`
--
ALTER TABLE `screening`
  ADD PRIMARY KEY (`id`),
  ADD KEY `movie_id` (`movie_id`),
  ADD KEY `cinema_id` (`cinema_id`);

--
-- Chỉ mục cho bảng `seats`
--
ALTER TABLE `seats`
  ADD KEY `fk_cinema` (`cinema_id`);

--
-- Chỉ mục cho bảng `seat_status`
--
ALTER TABLE `seat_status`
  ADD PRIMARY KEY (`id`),
  ADD UNIQUE KEY `unique_seat_per_screening` (`screening_id`,`seat_name`);

--
-- Chỉ mục cho bảng `slider`
--
ALTER TABLE `slider`
  ADD PRIMARY KEY (`id`);

--
-- Chỉ mục cho bảng `users`
--
ALTER TABLE `users`
  ADD PRIMARY KEY (`id`);

--
-- AUTO_INCREMENT cho các bảng đã đổ
--

--
-- AUTO_INCREMENT cho bảng `cinemas`
--
ALTER TABLE `cinemas`
  MODIFY `cinema_id` int(11) NOT NULL AUTO_INCREMENT, AUTO_INCREMENT=4;

--
-- AUTO_INCREMENT cho bảng `csdlghengoi`
--
ALTER TABLE `csdlghengoi`
  MODIFY `id` int(11) NOT NULL AUTO_INCREMENT, AUTO_INCREMENT=61;

--
-- AUTO_INCREMENT cho bảng `movie`
--
ALTER TABLE `movie`
  MODIFY `id` int(11) NOT NULL AUTO_INCREMENT, AUTO_INCREMENT=33;

--
-- AUTO_INCREMENT cho bảng `screening`
--
ALTER TABLE `screening`
  MODIFY `id` int(11) NOT NULL AUTO_INCREMENT, AUTO_INCREMENT=332697801;

--
-- AUTO_INCREMENT cho bảng `seat_status`
--
ALTER TABLE `seat_status`
  MODIFY `id` int(11) NOT NULL AUTO_INCREMENT, AUTO_INCREMENT=5341;

--
-- AUTO_INCREMENT cho bảng `slider`
--
ALTER TABLE `slider`
  MODIFY `id` int(11) NOT NULL AUTO_INCREMENT, AUTO_INCREMENT=3;

--
-- Các ràng buộc cho các bảng đã đổ
--

--
-- Các ràng buộc cho bảng `screening`
--
ALTER TABLE `screening`
  ADD CONSTRAINT `screening_ibfk_1` FOREIGN KEY (`movie_id`) REFERENCES `movie` (`id`),
  ADD CONSTRAINT `screening_ibfk_2` FOREIGN KEY (`cinema_id`) REFERENCES `cinemas` (`cinema_id`);

--
-- Các ràng buộc cho bảng `seats`
--
ALTER TABLE `seats`
  ADD CONSTRAINT `fk_cinema` FOREIGN KEY (`cinema_id`) REFERENCES `cinemas` (`cinema_id`);

--
-- Các ràng buộc cho bảng `seat_status`
--
ALTER TABLE `seat_status`
  ADD CONSTRAINT `fk_screening_id` FOREIGN KEY (`screening_id`) REFERENCES `screening` (`id`);
COMMIT;

/*!40101 SET CHARACTER_SET_CLIENT=@OLD_CHARACTER_SET_CLIENT */;
/*!40101 SET CHARACTER_SET_RESULTS=@OLD_CHARACTER_SET_RESULTS */;
/*!40101 SET COLLATION_CONNECTION=@OLD_COLLATION_CONNECTION */;
